ID;NAME;TYPE;SRC;REFYEAR
18490453;ADECCO GROUP AG;FIN_REP;https://www.adeccogroup.com/investors/annual-report;2024
18490453;ADECCO GROUP AG;FIN_REP;https://www.adeccogroup.com//investors/annual-report;
18490453;ADECCO GROUP AG;FIN_REP;https://www.adeccogroup.com/investors/results-and-reports;
18490453;ADECCO GROUP AG;OTHER;;
18490453;ADECCO GROUP AG;OTHER;;
18490453;ADECCO GROUP AG;OTHER;;
18490453;ADECCO GROUP AG;OTHER;;
18490453;ADECCO GROUP AG;OTHER;;
18503381;JOHNSON CONTROLS INTERNATIONAL PUBLIC LIMITED COMPANY;FIN_REP;https://www.johnsoncontrols.com/investors/financial-information/sec-filings;2023
18503381;JOHNSON CONTROLS INTERNATIONAL PUBLIC LIMITED COMPANY;FIN_REP;https://www.johnsoncontrols.com/investor-relations/financial-information/sec-filings;2023
18503381;JOHNSON CONTROLS INTERNATIONAL PUBLIC LIMITED COMPANY;FIN_REP;https://www.johnsoncontrols.com/investors/financials/annual-reports;2023
18503381;JOHNSON CONTROLS INTERNATIONAL PUBLIC LIMITED COMPANY;FIN_REP;https://www.johnsoncontrols.com/investors/sec-filings;2023
18503381;JOHNSON CONTROLS INTERNATIONAL PUBLIC LIMITED COMPANY;OTHER;;
18503381;JOHNSON CONTROLS INTERNATIONAL PUBLIC LIMITED COMPANY;OTHER;;
18503381;JOHNSON CONTROLS INTERNATIONAL PUBLIC LIMITED COMPANY;OTHER;;
18503381;JOHNSON CONTROLS INTERNATIONAL PUBLIC LIMITED COMPANY;OTHER;;
18503381;JOHNSON CONTROLS INTERNATIONAL PUBLIC LIMITED COMPANY;OTHER;;
18503440;MAGNA INTERNATIONAL INC;FIN_REP;https://www.magna.com/docs/default-source/financial-reports-public-filings/annual-reports/2024-annual-report---magna---aoda.pdf?sfvrsn=188e000d_11;2024
18503440;MAGNA INTERNATIONAL INC;FIN_REP;https://www.magna.com/company/investors/financial-reports-public-filings;Unknown
18503440;MAGNA INTERNATIONAL INC;OTHER;;
18503440;MAGNA INTERNATIONAL INC;OTHER;;
18503440;MAGNA INTERNATIONAL INC;OTHER;;
18503440;MAGNA INTERNATIONAL INC;OTHER;;
18503440;MAGNA INTERNATIONAL INC;OTHER;;
18511746;PUBLICIS GROUPE S A;OTHER;;
18511746;PUBLICIS GROUPE S A;OTHER;;
18511746;PUBLICIS GROUPE S A;OTHER;;
18511746;PUBLICIS GROUPE S A;OTHER;;
18511746;PUBLICIS GROUPE S A;OTHER;;
18512048;GEBR. KNAUF;OTHER;;
18512048;GEBR. KNAUF;OTHER;;
18512048;GEBR. KNAUF;OTHER;;
18512048;GEBR. KNAUF;OTHER;;
18512048;GEBR. KNAUF;OTHER;;
18519151;BRIDGESTONE CORPORATION;FIN_REP;https://www.bridgestone.co.jp/ir/library/strategy/index.html;2030
18519151;BRIDGESTONE CORPORATION;FIN_REP;https://www.bridgestone.com//corporate/library/annual_report/index.html;2022
18519151;BRIDGESTONE CORPORATION;FIN_REP;https://www.bridgestone.com//corporate/library/annual_report/pdf/bs_annual_2020_operational.pdf;2020
18519151;BRIDGESTONE CORPORATION;FIN_REP;https://www.bridgestone.com/corporate/library/annual_report/index.html;Unknown
18519151;BRIDGESTONE CORPORATION;OTHER;;
18519151;BRIDGESTONE CORPORATION;OTHER;;
18519151;BRIDGESTONE CORPORATION;OTHER;;
18519151;BRIDGESTONE CORPORATION;OTHER;;
18519151;BRIDGESTONE CORPORATION;OTHER;;
18520469;FERRERO;FIN_REP;https://www.ferrero.com//int/en/news-stories/news/ferrero-has-released-its-fourth-annual-report-on-the-cocoa-and-forest-initiative-cfi;2023
18520469;FERRERO;FIN_REP;https://www.ferrero.com/int/en/news-stories/news/ferrero-has-released-its-fourth-annual-report-on-the-cocoa-and-forest-initiative-cfi;2023
18520469;FERRERO;FIN_REP;https://www.ferrerogroup.com/media/publications;2023
18520469;FERRERO;OTHER;;
18520469;FERRERO;OTHER;;
18520469;FERRERO;OTHER;;
18520469;FERRERO;OTHER;;
18520469;FERRERO;OTHER;;
18521399;SUMITOMO CORPORATION;FIN_REP;https://www.sumitomocorp.com/en/ir/library/annual;2024
18521399;SUMITOMO CORPORATION;FIN_REP;https://www.sumitomocorp.com/en/ir/library/ar;2024
18521399;SUMITOMO CORPORATION;FIN_REP;https://www.sumitomocorp.com/en/ir/annual;2024
18521399;SUMITOMO CORPORATION;OTHER;;
18521399;SUMITOMO CORPORATION;OTHER;;
18521399;SUMITOMO CORPORATION;OTHER;;
18521399;SUMITOMO CORPORATION;OTHER;;
18521399;SUMITOMO CORPORATION;OTHER;;
18527213;COMPAGNIE DE SAINT GOBAIN;OTHER;;
18527213;COMPAGNIE DE SAINT GOBAIN;OTHER;;
18527213;COMPAGNIE DE SAINT GOBAIN;OTHER;;
18527213;COMPAGNIE DE SAINT GOBAIN;OTHER;;
18527213;COMPAGNIE DE SAINT GOBAIN;OTHER;;
18535882;ABBOTT LABORATORIES;FIN_REP;https://www.abbottinvestor.com/static-files/61441b9a-bf14-49fa-9748-50188e3aac5c;2024
18535882;ABBOTT LABORATORIES;OTHER;;
18535882;ABBOTT LABORATORIES;OTHER;;
18535882;ABBOTT LABORATORIES;OTHER;;
18535882;ABBOTT LABORATORIES;OTHER;;
18535882;ABBOTT LABORATORIES;OTHER;;
18539093;BP P.L.C.;FIN_REP;https://www.bp.com/content/dam/bp/business-sites/en/global/corporate/pdfs/investors/bp-annual-report-and-form-20f-2023.pdf;2023
18539093;BP P.L.C.;OTHER;;
18539093;BP P.L.C.;OTHER;;
18539093;BP P.L.C.;OTHER;;
18539093;BP P.L.C.;OTHER;;
18539093;BP P.L.C.;OTHER;;
18541762;ENGIE;OTHER;;
18541762;ENGIE;OTHER;;
18541762;ENGIE;OTHER;;
18541762;ENGIE;OTHER;;
18541762;ENGIE;OTHER;;
18543139;DENTSU GROUP INC.;FIN_REP;https://www.group.dentsu.com/en/ir/library/annual.html;2023
18543139;DENTSU GROUP INC.;FIN_REP;https://www.group.dentsu.com/en/ir/data/annual/2015/;2015
18543139;DENTSU GROUP INC.;OTHER;;
18543139;DENTSU GROUP INC.;OTHER;;
18543139;DENTSU GROUP INC.;OTHER;;
18543139;DENTSU GROUP INC.;OTHER;;
18543139;DENTSU GROUP INC.;OTHER;;
18552002;THYSSENKRUPP;FIN_REP;https://www.thyssenkrupp.com/_binary/UCPthyssenkruppAG/f60f13e3-289d-4041-a535-fdf7ea9210b3/thyssenkrupp-GB_2023-2024_EN_WEB.pdf;4041
18552002;THYSSENKRUPP;FIN_REP;https://reports.thyssenkrupp.com/en;2023
18552002;THYSSENKRUPP;OTHER;;
18552002;THYSSENKRUPP;OTHER;;
18552002;THYSSENKRUPP;OTHER;;
18552002;THYSSENKRUPP;OTHER;;
18552002;THYSSENKRUPP;OTHER;;
18573648;VOESTALPINE GROUP;FIN_REP;https://www.voestalpine.com/dam/jcr:ca90c5d3-043a-4992-9381-92ef70c69c88/voestalpine_annual_report_2022_23_en.pdf;2023
18573648;VOESTALPINE GROUP;FIN_REP;https://www.voestalpine.com/dam/jcr:55612417-3939-474e-a65a-ac1028c2d3a6/voestalpine_annual_report_2022_23_en.pdf;2023
18573648;VOESTALPINE GROUP;FIN_REP;https://www.voestalpine.com/dam/jcr:e317a015-009c-407c-8a22-8c9e79c46552/voestalpine_annual_report_2022_23_en.pdf;2023
18573648;VOESTALPINE GROUP;FIN_REP;https://www.voestalpine.com/dam/jcr:7f183318-f8f1-4b9a-a93e-94c882999a7c/gb0756_voestalpine_ar2023_en.pdf;2023
18573648;VOESTALPINE GROUP;FIN_REP;https://www.voestalpine.com/dam/jcr:e7251281-431c-4f1b-8d55-80210581a90f/voestalpine_annual_report_2022_23_en.pdf;2023
18573648;VOESTALPINE GROUP;OTHER;;
18573648;VOESTALPINE GROUP;OTHER;;
18573648;VOESTALPINE GROUP;OTHER;;
18573648;VOESTALPINE GROUP;OTHER;;
18573648;VOESTALPINE GROUP;OTHER;;
18573835;ORANGE;OTHER;;
18573835;ORANGE;OTHER;;
18573835;ORANGE;OTHER;;
18573835;ORANGE;OTHER;;
18573835;ORANGE;OTHER;;
18581640;ORACLE CORP;OTHER;;
18581640;ORACLE CORP;OTHER;;
18581640;ORACLE CORP;OTHER;;
18581640;ORACLE CORP;OTHER;;
18581640;ORACLE CORP;OTHER;;
18587386;ACCOR;FIN_REP;https://www.accor.com/en/investors/financial-information/financial-reports-and-results/;2022
18587386;ACCOR;OTHER;;
18587386;ACCOR;OTHER;;
18587386;ACCOR;OTHER;;
18587386;ACCOR;OTHER;;
18587386;ACCOR;OTHER;;
18591402;PROCTER & GAMBLE CO;FIN_REP;https://www.pginvestor.com/financial-reporting/sec-filings/default.aspx;2023
18591402;PROCTER & GAMBLE CO;FIN_REP;https://www.pginvestor.com/financial-reporting/annual-reports-proxies;2023
18591402;PROCTER & GAMBLE CO;FIN_REP;https://www.pg.com/app/investors/quarterly-reports-and-financial-results;2023
18591402;PROCTER & GAMBLE CO;OTHER;;
18591402;PROCTER & GAMBLE CO;OTHER;;
18591402;PROCTER & GAMBLE CO;OTHER;;
18591402;PROCTER & GAMBLE CO;OTHER;;
18591402;PROCTER & GAMBLE CO;OTHER;;
18599238;FCC;FIN_REP;https://www.fcc.gov/document/2022-fcc-annual-report;2022
18599238;FCC;FIN_REP;https://accounts.google.com/ServiceLogin?hl=it&continue=https://www.google.com/search?q%3DFCC%2Binvestor%2Brelations%2Bannual%2Breport&gae=cb-none;
18599238;FCC;OTHER;;
18599238;FCC;OTHER;;
18599238;FCC;OTHER;;
18599238;FCC;OTHER;;
18599238;FCC;OTHER;;
18606822;SOCIETE NATIONALE SNCF;FIN_REP;https://www.sncf.com/sites/default/files/media/document/2024_06_20_CP_RA2023.pdf;2023
18606822;SOCIETE NATIONALE SNCF;FIN_REP;https://www.sncf.com/sites/default/files/2024-05/RA2023_SNCF_BD.pdf;2023
18606822;SOCIETE NATIONALE SNCF;FIN_REP;https://www.sncf.com/sites/default/files/media/document/03_2024/RA_SNCF_2023_VA.pdf;2023
18606822;SOCIETE NATIONALE SNCF;FIN_REP;https://www.sncf.com/sites/default/files/2024-04/RA_SNCF_2023_VF.pdf;2023
18606822;SOCIETE NATIONALE SNCF;FIN_REP;https://www.sncf.com/sites/default/files/2024-04/RA_SNCF_2023_VA.pdf;2023
18606822;SOCIETE NATIONALE SNCF;OTHER;;
18606822;SOCIETE NATIONALE SNCF;OTHER;;
18606822;SOCIETE NATIONALE SNCF;OTHER;;
18606822;SOCIETE NATIONALE SNCF;OTHER;;
18606822;SOCIETE NATIONALE SNCF;OTHER;;
18611599;ATLAS COPCO AKTIEBOLAG;FIN_REP;https://www.atlascopcogroup.com/content/dam/atlas-copco/group/documents/investors/financial-publications/english/20250320-annual-report-2024-incl-sustainability-report-and-corporate-governance-report-copy-of-the-official-ESEF-format.pdf;2025
18611599;ATLAS COPCO AKTIEBOLAG;FIN_REP;https://www.atlascopcogroup.com/en/investors/reports-and-presentations/latest-annual-report-highlights;2025
18611599;ATLAS COPCO AKTIEBOLAG;FIN_REP;https://www.atlascopcogroup.com/en/investors/reports-and-presentations;2023
18611599;ATLAS COPCO AKTIEBOLAG;OTHER;;
18611599;ATLAS COPCO AKTIEBOLAG;OTHER;;
18611599;ATLAS COPCO AKTIEBOLAG;OTHER;;
18611599;ATLAS COPCO AKTIEBOLAG;OTHER;;
18611599;ATLAS COPCO AKTIEBOLAG;OTHER;;
18618947;AKTIEBOLAGET SKF;FIN_REP;https://investors.skf.com/en/reports-and-presentations;2023
18618947;AKTIEBOLAGET SKF;FIN_REP;https://investors.skf.com/en/reports/annual-reports/2023-annual-report/;2023
18618947;AKTIEBOLAGET SKF;OTHER;;
18618947;AKTIEBOLAGET SKF;OTHER;;
18618947;AKTIEBOLAGET SKF;OTHER;;
18618947;AKTIEBOLAGET SKF;OTHER;;
18618947;AKTIEBOLAGET SKF;OTHER;;
18622186;JOHN WOOD GROUP PLC;FIN_REP;https://www.woodplc.com/investors;2025
18622186;JOHN WOOD GROUP PLC;FIN_REP;https://www.woodplc.com/investors/annual-and-interim-reports;
18622186;JOHN WOOD GROUP PLC;OTHER;;
18622186;JOHN WOOD GROUP PLC;OTHER;;
18622186;JOHN WOOD GROUP PLC;OTHER;;
18622186;JOHN WOOD GROUP PLC;OTHER;;
18622186;JOHN WOOD GROUP PLC;OTHER;;
18627417;FUJITSU LIMITED;FIN_REP;https://www.fujitsu.com/global/about/ir/;Unknown
18627417;FUJITSU LIMITED;OTHER;;
18627417;FUJITSU LIMITED;OTHER;;
18627417;FUJITSU LIMITED;OTHER;;
18627417;FUJITSU LIMITED;OTHER;;
18627417;FUJITSU LIMITED;OTHER;;
18629376;CRH PLC;FIN_REP;https://www.crh.com/media/crh/content/documents/CRH_Annual_Report_2023.pdf;2023
18629376;CRH PLC;FIN_REP;https://www.crh.com/media/crh/contentmedia/documents/CRH_Annual_Report_2023.pdf;2023
18629376;CRH PLC;FIN_REP;https://www.crh.com/media/5913/crh-annual-report-2023.pdf;2023
18629376;CRH PLC;FIN_REP;https://www.crh.com/media/3592/crh-annual-report-2023.pdf;2023
18629376;CRH PLC;FIN_REP;https://crh.com/media/7997/crh-annual-report-2023.pdf;2023
18629376;CRH PLC;OTHER;;
18629376;CRH PLC;OTHER;;
18629376;CRH PLC;OTHER;;
18629376;CRH PLC;OTHER;;
18629376;CRH PLC;OTHER;;
18632343;DEUTSCHE BAHN;FIN_REP;https://www.deutschebahn.com/resource/blob/9737890/495859e0b773e485234c7330b5692e2e/DB-Konzern_Bericht-2023-data.pdf;2023
18632343;DEUTSCHE BAHN;OTHER;;
18632343;DEUTSCHE BAHN;OTHER;;
18632343;DEUTSCHE BAHN;OTHER;;
18632343;DEUTSCHE BAHN;OTHER;;
18632343;DEUTSCHE BAHN;OTHER;;
18636888;CARGILL;FIN_REP;https://www.cargill.com/doc/1432139132176/cargill-2023-annual-report.pdf;2023
18636888;CARGILL;FIN_REP;https://www.cargill.com/doc/1432082733280/cargill-2023-annual-report.pdf;2023
18636888;CARGILL;FIN_REP;https://www.cargill.com/doc/1432138252878/cargill-2023-annual-report.pdf;2023
18636888;CARGILL;FIN_REP;https://www.cargill.com/doc/1432082862142/cargill-annual-report-2023.pdf;2023
18636888;CARGILL;OTHER;;
18636888;CARGILL;OTHER;;
18636888;CARGILL;OTHER;;
18636888;CARGILL;OTHER;;
18636888;CARGILL;OTHER;;
18644473;WARNER BROS. DISCOVERY INC.;FIN_REP;https://ir.wbd.com/financial-information/sec-filings;2023
18644473;WARNER BROS. DISCOVERY INC.;FIN_REP;https://ir.wbd.com/financial-information/annual-reports;2022
18644473;WARNER BROS. DISCOVERY INC.;OTHER;;
18644473;WARNER BROS. DISCOVERY INC.;OTHER;;
18644473;WARNER BROS. DISCOVERY INC.;OTHER;;
18644473;WARNER BROS. DISCOVERY INC.;OTHER;;
18644473;WARNER BROS. DISCOVERY INC.;OTHER;;
18646411;GENERAL ELECTRIC COMPANY;FIN_REP;https://www.ge.com/investor-relations/annual-report;
18646411;GENERAL ELECTRIC COMPANY;OTHER;;
18646411;GENERAL ELECTRIC COMPANY;OTHER;;
18646411;GENERAL ELECTRIC COMPANY;OTHER;;
18646411;GENERAL ELECTRIC COMPANY;OTHER;;
18646411;GENERAL ELECTRIC COMPANY;OTHER;;
18648074;SAFRAN;OTHER;;
18648074;SAFRAN;OTHER;;
18648074;SAFRAN;OTHER;;
18648074;SAFRAN;OTHER;;
18648074;SAFRAN;OTHER;;
18658675;BASF;OTHER;;
18658675;BASF;OTHER;;
18658675;BASF;OTHER;;
18658675;BASF;OTHER;;
18658675;BASF;OTHER;;
18665236;APTIV PLC;FIN_REP;https://ir.aptiv.com/investors/financial-information/annual-reports;2022
18665236;APTIV PLC;OTHER;;
18665236;APTIV PLC;OTHER;;
18665236;APTIV PLC;OTHER;;
18665236;APTIV PLC;OTHER;;
18665236;APTIV PLC;OTHER;;
18673760;WPP PLC;FIN_REP;https://www.wpp.com/investor-relations/financial-reports-and-presentations;2023
18673760;WPP PLC;FIN_REP;https://www.wpp.com/sites/default/files/2024-02/wpp-annual-report-and-accounts-2023.pdf;2023
18673760;WPP PLC;FIN_REP;https://www.wpp.com/news/wpp-announces-full-year-results-2022;2022
18673760;WPP PLC;FIN_REP;https://www.wpp.com/investor-relations/reports-and-presentations/annual-reports;2022
18673760;WPP PLC;OTHER;;
18673760;WPP PLC;OTHER;;
18673760;WPP PLC;OTHER;;
18673760;WPP PLC;OTHER;;
18673760;WPP PLC;OTHER;;
18685228;GI GROUP;OTHER;;
18685228;GI GROUP;OTHER;;
18685228;GI GROUP;OTHER;;
18685228;GI GROUP;OTHER;;
18685228;GI GROUP;OTHER;;
18686668;ACCIONA;FIN_REP;https://www.acciona.com/shareholders-investors/financial-information/annual-accounts/;2023
18686668;ACCIONA;OTHER;;
18686668;ACCIONA;OTHER;;
18686668;ACCIONA;OTHER;;
18686668;ACCIONA;OTHER;;
18686668;ACCIONA;OTHER;;
18691645;FLETCHER GROUP;FIN_REP;https://www.fletcherbuilding.com/globalassets/documents/investors/annual-reports/fletcher-building-annual-report-2023.pdf;2023
18691645;FLETCHER GROUP;FIN_REP;https://www.fletcherbuilding.com/globalassets/documents/annual-reports/fletcher-building-annual-report-2023.pdf;2023
18691645;FLETCHER GROUP;OTHER;;
18691645;FLETCHER GROUP;OTHER;;
18691645;FLETCHER GROUP;OTHER;;
18691645;FLETCHER GROUP;OTHER;;
18691645;FLETCHER GROUP;OTHER;;
18694033;SODEXO;FIN_REP;https://www.sedexo.com/en/investors/financial-information/results-and-presentations/2023-results/;2023
18694033;SODEXO;OTHER;;
18694033;SODEXO;OTHER;;
18694033;SODEXO;OTHER;;
18694033;SODEXO;OTHER;;
18694033;SODEXO;OTHER;;
18700025;ADVANCE PROPERTIES;OTHER;;
18700025;ADVANCE PROPERTIES;OTHER;;
18700025;ADVANCE PROPERTIES;OTHER;;
18700025;ADVANCE PROPERTIES;OTHER;;
18700025;ADVANCE PROPERTIES;OTHER;;
18705450;AKZO NOBEL NV;FIN_REP;https://www.akzonobel.com/content/dam/akzonobel/corporate/investors/reports-and-presentations/annual-reports/2022/AkzoNobel-Annual-Report-2022.pdf;2022
18705450;AKZO NOBEL NV;OTHER;;
18705450;AKZO NOBEL NV;OTHER;;
18705450;AKZO NOBEL NV;OTHER;;
18705450;AKZO NOBEL NV;OTHER;;
18705450;AKZO NOBEL NV;OTHER;;
18709351;DIOR;FIN_REP;https://lvmh.com/wp-content/uploads/2024/01/LVMH_RA_2023_VA.pdf;2023
18709351;DIOR;FIN_REP;https://lvmh.com/wp-content/uploads/2024/01/lvmh_2023_full_year_results.pdf;2023
18709351;DIOR;FIN_REP;https://www.lvmh.com/media/documents/20240125_LVMH_RA_2023_VA.pdf;2023
18709351;DIOR;FIN_REP;https://lvmh.com/wp-content/uploads/2024/04/LVMH_RA_2023_VA.pdf;2023
18709351;DIOR;FIN_REP;https://lvmh.com/wp-content/uploads/2024/04/lvmh_reference_document_2023.pdf;2023
18709351;DIOR;OTHER;;
18709351;DIOR;OTHER;;
18709351;DIOR;OTHER;;
18709351;DIOR;OTHER;;
18709351;DIOR;OTHER;;
18712196;AMAZON;FIN_REP;https://ir.aboutamazon.com/financials/annual-reports.html;2023
18712196;AMAZON;OTHER;;
18712196;AMAZON;OTHER;;
18712196;AMAZON;OTHER;;
18712196;AMAZON;OTHER;;
18712196;AMAZON;OTHER;;
18715555;SONY GROUP CORPORATION;OTHER;;
18715555;SONY GROUP CORPORATION;OTHER;;
18715555;SONY GROUP CORPORATION;OTHER;;
18715555;SONY GROUP CORPORATION;OTHER;;
18715555;SONY GROUP CORPORATION;OTHER;;
18718848;SONOVA;FIN_REP;https://mailing-ircockpit.eqs.com/crm-mailing/5c27e438-ea7c-11e8-902f-2c44fd856d8c/d66487e1-283c-494c-96e8-abde08681b32/92b22677-a07e-44fa-9ea9-662f3b2b272a/Sonova_FY24-25+Annual+Report+EN.pdf;6648
18718848;SONOVA;FIN_REP;https://www.sonova.com/en/financial-reports;2025
18718848;SONOVA;FIN_REP;https://www.sonova.com/en/investor-news/sonova-publishes-annual-report-202425;2024
18718848;SONOVA;FIN_REP;https://www.sonova.com//en/investor-news/sonova-publishes-annual-report-202425;2024
18718848;SONOVA;FIN_REP;https://www.sonova.com/en/sonova-publishes-annual-report-202425;2024
18718848;SONOVA;OTHER;;
18718848;SONOVA;OTHER;;
18718848;SONOVA;OTHER;;
18718848;SONOVA;OTHER;;
18718848;SONOVA;OTHER;;
18731292;IKEA;FIN_REP;https://www.ingka.com/reports/;2023
18731292;IKEA;FIN_REP;https://www.ingka.com/about-us/reports/;2022
18731292;IKEA;FIN_REP;https://www.inter.ikea.com/en/performance/download-financial-reports;2016
18731292;IKEA;OTHER;;
18731292;IKEA;OTHER;;
18731292;IKEA;OTHER;;
18731292;IKEA;OTHER;;
18731292;IKEA;OTHER;;
18736044;SECURITAS AB;FIN_REP;https://www.securitas.com/investors/financial-reports/annual-reports/;2025
18736044;SECURITAS AB;FIN_REP;https://www.securitas.com/en/investors/;2025
18736044;SECURITAS AB;FIN_REP;https://www.securitas.com/en/investors/financial-reports-and-presentations/;2023
18736044;SECURITAS AB;FIN_REP;https://www.securitas.com//en/investors/financial-reports-and-presentations/;
18736044;SECURITAS AB;OTHER;;
18736044;SECURITAS AB;OTHER;;
18736044;SECURITAS AB;OTHER;;
18736044;SECURITAS AB;OTHER;;
18736044;SECURITAS AB;OTHER;;
18742207;AIRBUS SE;FIN_REP;https://www.airbus.com/sites/g/files/jlcbta136/files/2024-03/Airbus-Annual-Report-2023-Overview.pdf;2024
18742207;AIRBUS SE;OTHER;;
18742207;AIRBUS SE;OTHER;;
18742207;AIRBUS SE;OTHER;;
18742207;AIRBUS SE;OTHER;;
18742207;AIRBUS SE;OTHER;;
18745703;ETEX;FIN_REP;https://www.etexgroup.com/en/news/2466049/;2024
18745703;ETEX;FIN_REP;https://www.etex.com/-/media/Project/EtexGroup/EtexGroup/investors/financial-reports/annual-reports/Etex-Annual-Report-2023.pdf?rev=f4866666145543f990b8eb6400ef78d8;2023
18745703;ETEX;OTHER;;
18745703;ETEX;OTHER;;
18745703;ETEX;OTHER;;
18745703;ETEX;OTHER;;
18745703;ETEX;OTHER;;
18748693;SIEMENS;FIN_REP;https://www.siemens.com/press/en/pressrelease/2023/corporate-technology/2023-08-09-siemens-reports-strong-fiscal-2023-results;2023
18748693;SIEMENS;FIN_REP;https://www.siemens.com/press/en/pressrelease/2023/corporate/pr20230808-001.htm;2023
18748693;SIEMENS;FIN_REP;https://www.siemens.com/press/en/pressrelease/2023/financial-reports-siemens-reports-strong-fiscal-2023-results-2023-08-02.html;2023
18748693;SIEMENS;OTHER;;
18748693;SIEMENS;OTHER;;
18748693;SIEMENS;OTHER;;
18748693;SIEMENS;OTHER;;
18748693;SIEMENS;OTHER;;
18754669;VODAFONE GROUP PLC;FIN_REP;https://assets.ctfassets.net/q7ob9vms4z5k/24lVoGkJfJ2Hygncid32w5/371613ae505aa6254e89a1688eec3faf/vodafone-group-cdp-climate-change-questionnaire-2024.pdf;2024
18754669;VODAFONE GROUP PLC;FIN_REP;https://www.vodafone.com/ar2024;2024
18754669;VODAFONE GROUP PLC;FIN_REP;https://www.vodafone.com/;2020
18754669;VODAFONE GROUP PLC;FIN_REP;https://www.vodafone.com//ar2024;Unknown
18754669;VODAFONE GROUP PLC;OTHER;;
18754669;VODAFONE GROUP PLC;OTHER;;
18754669;VODAFONE GROUP PLC;OTHER;;
18754669;VODAFONE GROUP PLC;OTHER;;
18754669;VODAFONE GROUP PLC;OTHER;;
18755204;HBIS GROUP CO. LTD.;FIN_REP;http://www.sse.com.cn/;2023
18755204;HBIS GROUP CO. LTD.;FIN_REP;https://www.hbisgroup.com/en/news/financial-reports/;2022
18755204;HBIS GROUP CO. LTD.;FIN_REP;https://www.hbisgroup.com/en/news/financial_report/;2022
18755204;HBIS GROUP CO. LTD.;OTHER;;
18755204;HBIS GROUP CO. LTD.;OTHER;;
18755204;HBIS GROUP CO. LTD.;OTHER;;
18755204;HBIS GROUP CO. LTD.;OTHER;;
18755204;HBIS GROUP CO. LTD.;OTHER;;
18761094;MOL HUNGARIAN OIL AND GAS;FIN_REP;https://molgroup.info/en/show/publications/annual_reports/2024/integrated-annual-report-2024-eng.pdf;2024
18761094;MOL HUNGARIAN OIL AND GAS;FIN_REP;https://molgroup.info/en/investor-relations/publications#nav-annual-reports;
18761094;MOL HUNGARIAN OIL AND GAS;OTHER;;
18761094;MOL HUNGARIAN OIL AND GAS;OTHER;;
18761094;MOL HUNGARIAN OIL AND GAS;OTHER;;
18761094;MOL HUNGARIAN OIL AND GAS;OTHER;;
18761094;MOL HUNGARIAN OIL AND GAS;OTHER;;
18763081;DSV A/S;FIN_REP;;
18763081;DSV A/S;OTHER;;
18763081;DSV A/S;OTHER;;
18763081;DSV A/S;OTHER;;
18763081;DSV A/S;OTHER;;
18763081;DSV A/S;OTHER;;
18767600;KRONES;FIN_REP;https://www.krones.com//en/company/investors.php//en/company/investor-relations/krones-group-annual-report-2024.php;2024
18767600;KRONES;OTHER;;
18767600;KRONES;OTHER;;
18767600;KRONES;OTHER;;
18767600;KRONES;OTHER;;
18767600;KRONES;OTHER;;
18773773;KONECRANES;OTHER;;
18773773;KONECRANES;OTHER;;
18773773;KONECRANES;OTHER;;
18773773;KONECRANES;OTHER;;
18773773;KONECRANES;OTHER;;
18774479;SANDVIK AKTIEBOLAG;FIN_REP;https://www.home.sandvik//en/investors/reports-presentations/annual-reports/;2024
18774479;SANDVIK AKTIEBOLAG;FIN_REP;https://www.annualreport.sandvik/en/2022/servicepages/downloads/files/entire-en-svk-ar22.pdf;2022
18774479;SANDVIK AKTIEBOLAG;OTHER;;
18774479;SANDVIK AKTIEBOLAG;OTHER;;
18774479;SANDVIK AKTIEBOLAG;OTHER;;
18774479;SANDVIK AKTIEBOLAG;OTHER;;
18774479;SANDVIK AKTIEBOLAG;OTHER;;
18774712;SKANSKA AB;FIN_REP;https://group.skanska.com/49490b/siteassets/investors/reports-publications/annual-reports/2024/annual-and-sustainability-report-2024.pdf;2024
18774712;SKANSKA AB;FIN_REP;https://group.skanska.com//investors/reports-publications/annual-reports/;
18774712;SKANSKA AB;OTHER;;
18774712;SKANSKA AB;OTHER;;
18774712;SKANSKA AB;OTHER;;
18774712;SKANSKA AB;OTHER;;
18774712;SKANSKA AB;OTHER;;
18774867;SANOFI;FIN_REP;https://www.sanofi.com/en/investors/financial-results-and-events/financial-results/q1-2025-results;2025
18774867;SANOFI;FIN_REP;https://www.sanofi.com/assets/dotcom/content-app/publications/annual-report-on-form-20-f/2024-01-01-form-20-f-2024-en.pdf;2024
18774867;SANOFI;FIN_REP;https://www.sanofi.com/en/investors/financial-reports-and-regulated-information;
18774867;SANOFI;OTHER;;
18774867;SANOFI;OTHER;;
18774867;SANOFI;OTHER;;
18774867;SANOFI;OTHER;;
18774867;SANOFI;OTHER;;
18778752;WURTH;FIN_REP;https://www.wuerth.com/en/wuerth-group/investor-relations/financial-reports.php;2023
18778752;WURTH;FIN_REP;https://www.wuerth.com/en/wuerth/company/reports-and-publications.php;2023
18778752;WURTH;FIN_REP;https://www.wuerth.com/en/wuerth/the-wuerth-group/financial-reports.php;2023
18778752;WURTH;FIN_REP;https://www.wuerth.com/en/wuerth_group/company/group_profile/press/Annual-Report/Annual-report.php;
18778752;WURTH;OTHER;;
18778752;WURTH;OTHER;;
18778752;WURTH;OTHER;;
18778752;WURTH;OTHER;;
18778752;WURTH;OTHER;;
18784770;AKTIEBOLAGET VOLVO;FIN_REP;https://www.volvogroup.com/en/news-and-media/events/2025/feb/annual-report-2024.html;2025
18784770;AKTIEBOLAGET VOLVO;FIN_REP;https://www.volvogroup.com/en/investors/reports-and-presentations/annual-reports.html;2023
18784770;AKTIEBOLAGET VOLVO;FIN_REP;https://www.volvogroup.com//en/investors/reports-and-presentations.html;N/A
18784770;AKTIEBOLAGET VOLVO;FIN_REP;https://www.volvogroup.com/en/investors.html//en/investors/reports-and-presentations.html;Unknown
18784770;AKTIEBOLAGET VOLVO;OTHER;;
18784770;AKTIEBOLAGET VOLVO;OTHER;;
18784770;AKTIEBOLAGET VOLVO;OTHER;;
18784770;AKTIEBOLAGET VOLVO;OTHER;;
18784770;AKTIEBOLAGET VOLVO;OTHER;;
18796310;TOTALENERGIES SE;FIN_REP;https://totalenergies.com/system/files/documents/totalenergies_sustainability-climate-2025-progress-report_2025_en.pdf;2025
18796310;TOTALENERGIES SE;OTHER;;
18796310;TOTALENERGIES SE;OTHER;;
18796310;TOTALENERGIES SE;OTHER;;
18796310;TOTALENERGIES SE;OTHER;;
18796310;TOTALENERGIES SE;OTHER;;
18802249;BRITISH AMERICAN TOBACCO PLC;FIN_REP;https://www.bat.com/annualreport;2023
18802249;BRITISH AMERICAN TOBACCO PLC;FIN_REP;https://www.bat.com/group/sites/UK__9D9KCY.nsf/vwPagesWebLive/DO9D9JHG/$FILE/GB_Annual_Report_2023_FINAL.pdf;2023
18802249;BRITISH AMERICAN TOBACCO PLC;FIN_REP;https://www.bat.com/group/sites/UK__9D9KCY.nsf/vwPagesWebLive/DO9D9MC2/$FILE/GB_Annual_Report_2023.pdf;2023
18802249;BRITISH AMERICAN TOBACCO PLC;FIN_REP;https://www.bat.com/investors-and-reporting/reporting/previous-annual-reporting;
18802249;BRITISH AMERICAN TOBACCO PLC;FIN_REP;https://www.bat.com//investors-and-reporting/reporting/previous-annual-reporting;Unknown
18802249;BRITISH AMERICAN TOBACCO PLC;OTHER;;
18802249;BRITISH AMERICAN TOBACCO PLC;OTHER;;
18802249;BRITISH AMERICAN TOBACCO PLC;OTHER;;
18802249;BRITISH AMERICAN TOBACCO PLC;OTHER;;
18802249;BRITISH AMERICAN TOBACCO PLC;OTHER;;
18803013;NIPPON STEEL CORPORATION;FIN_REP;https://www.nipponsteel.com/en/ir/library/pdf/20250509_100.pdf;2025
18803013;NIPPON STEEL CORPORATION;FIN_REP;https://www.nipponsteel.com/en/ir/library/pdf/governance/pdf/cg_report.pdf;UNKNOWN
18803013;NIPPON STEEL CORPORATION;FIN_REP;https://www.nipponsteel.com//en/company/iso/setouchi/hirohata/index.html;Unknown
18803013;NIPPON STEEL CORPORATION;OTHER;;
18803013;NIPPON STEEL CORPORATION;OTHER;;
18803013;NIPPON STEEL CORPORATION;OTHER;;
18803013;NIPPON STEEL CORPORATION;OTHER;;
18803013;NIPPON STEEL CORPORATION;OTHER;;
18805524;KONINKLIJKE AHOLD DELHAIZE NV;FIN_REP;https://www.aholddelhaize.com/investors/quarterly-results/q1-2025/;2025
18805524;KONINKLIJKE AHOLD DELHAIZE NV;FIN_REP;https://www.aholddelhaize.com/investors;2025
18805524;KONINKLIJKE AHOLD DELHAIZE NV;FIN_REP;https://www.aholddelhaize.com/investors/;2025
18805524;KONINKLIJKE AHOLD DELHAIZE NV;FIN_REP;https://aholddelhaize.com/digital_annualreport/2024~;2024
18805524;KONINKLIJKE AHOLD DELHAIZE NV;FIN_REP;https://www.aholddelhaize.com;20
18805524;KONINKLIJKE AHOLD DELHAIZE NV;OTHER;;
18805524;KONINKLIJKE AHOLD DELHAIZE NV;OTHER;;
18805524;KONINKLIJKE AHOLD DELHAIZE NV;OTHER;;
18805524;KONINKLIJKE AHOLD DELHAIZE NV;OTHER;;
18805524;KONINKLIJKE AHOLD DELHAIZE NV;OTHER;;
18808977;PFIZER INC;FIN_REP;https://cdn.pfizer.com/pfizercom/2024-01/Trust-Platform-Visuals-V3.pdf;2024
18808977;PFIZER INC;FIN_REP;https://investors.pfizer.com/financials/sec-filings/default.aspx;2023
18808977;PFIZER INC;FIN_REP;https://cdn.pfizer.com/pfizercom/about/Climate_Change_Position_Statement_December_2024.pdf;2024
18808977;PFIZER INC;OTHER;;
18808977;PFIZER INC;OTHER;;
18808977;PFIZER INC;OTHER;;
18808977;PFIZER INC;OTHER;;
18808977;PFIZER INC;OTHER;;
18812865;COCA-COLA COMPANY (THE);FIN_REP;https://investors.coca-colacompany.com/filings-reports/annual-filings-10-k;2025
18812865;COCA-COLA COMPANY (THE);FIN_REP;https://investors.coca-colacompany.com//filings-reports/annual-filings-10-k;
18812865;COCA-COLA COMPANY (THE);OTHER;;
18812865;COCA-COLA COMPANY (THE);OTHER;;
18812865;COCA-COLA COMPANY (THE);OTHER;;
18812865;COCA-COLA COMPANY (THE);OTHER;;
18812865;COCA-COLA COMPANY (THE);OTHER;;
18813820;CATERPILLAR INC;FIN_REP;https://investors.caterpillar.com/financials/sec-filings/default.aspx;2023
18813820;CATERPILLAR INC;FIN_REP;https://www.caterpillar.com/en/investors.html#main-content;
18813820;CATERPILLAR INC;FIN_REP;https://www.caterpillar.com/en/investors/reports.html;
18813820;CATERPILLAR INC;OTHER;;
18813820;CATERPILLAR INC;OTHER;;
18813820;CATERPILLAR INC;OTHER;;
18813820;CATERPILLAR INC;OTHER;;
18813820;CATERPILLAR INC;OTHER;;
18818179;HARTMANN;FIN_REP;https://www.hartmann.de/-/media/country/website/archive/corporate-news/doc/phag-presseinformation-en-q2-2018.pdf?rev=8acc429c84c74370aff23026cce5f687;2018
18818179;HARTMANN;OTHER;;
18818179;HARTMANN;OTHER;;
18818179;HARTMANN;OTHER;;
18818179;HARTMANN;OTHER;;
18818179;HARTMANN;OTHER;;
18818842;IWG PLC;FIN_REP;https://login.iwgplc.com/Account/Login?returnUrl=%2Fconnect%2Fauthorize%2Fcallback%3Fclient_id%3DPantheonIWGWeb%26scope%3Dopenid%2520userprofiles%2520ProtonApi%26response_type%3Dcode%26redirect_uri%3Dhttps%253A%252F%252Fmy.iwgplc.com%252FloginCallback%26state%3D125acd606dc07f44b9665c4572b59fcfa918467c5e58854e%26ui_locales%3Den-GB%26code_challenge%3D0gTDvMK0sye9-Urz1phN8azaH4a4Oowd3MYSzk89390%26code_challenge_method%3DS256%26response_mode%3Dform_post%26_ga%3DGA1.2.1780570112.1615820264%26acr_values%3Didp%253Auser_profile%2520ga%253AGA1.2.1780570112.1615820264;2026
18818842;IWG PLC;OTHER;;
18818842;IWG PLC;OTHER;;
18818842;IWG PLC;OTHER;;
18818842;IWG PLC;OTHER;;
18818842;IWG PLC;OTHER;;
18831586;SAP;OTHER;;
18831586;SAP;OTHER;;
18831586;SAP;OTHER;;
18831586;SAP;OTHER;;
18831586;SAP;OTHER;;
18839233;ORKLA ASA;FIN_REP;https://www.orkla.com/sustainability/protecting-the-environment/;2025
18839233;ORKLA ASA;OTHER;;
18839233;ORKLA ASA;OTHER;;
18839233;ORKLA ASA;OTHER;;
18839233;ORKLA ASA;OTHER;;
18839233;ORKLA ASA;OTHER;;
18850720;ENEL SPA;FIN_REP;https://www.enelgreenpower.com/learning-hub/gigawhat/search-videos/video/2022/10/firefighting-shepherds;2022
18850720;ENEL SPA;FIN_REP;https://news.google.com/read/CBMikAFBVV95cUxOVEhKaVpJM1I5X0V2M0pSMFN6TlBMcFhtQmNyVkdVV01fLWhsbGZLQ1ZqbDlJY3pydk1wOGdTczJYZ19vMFZKb090VE5EeXJ6VTlNUG9uSmFkMlE3M1RHTlVYU1g2X2dvLURnaE1uMy1zdnFxaFJFdVlDN0dFTTVSOEFjaDIyOV9SM2J6UXNkY2E?hl=en-US&gl=US&ceid=US%3Aen;2022
18850720;ENEL SPA;OTHER;;
18850720;ENEL SPA;OTHER;;
18850720;ENEL SPA;OTHER;;
18850720;ENEL SPA;OTHER;;
18850720;ENEL SPA;OTHER;;
18853782;SHV HOLDINGS NV;FIN_REP;https://www.shv.nl/wp-content/uploads/2024/04/SHV-Annual-Report-2023-online.pdf;2024
18853782;SHV HOLDINGS NV;FIN_REP;https://annualreport.shv.nl;2023
18853782;SHV HOLDINGS NV;OTHER;;
18853782;SHV HOLDINGS NV;OTHER;;
18853782;SHV HOLDINGS NV;OTHER;;
18853782;SHV HOLDINGS NV;OTHER;;
18853782;SHV HOLDINGS NV;OTHER;;
18854880;BMW;OTHER;;
18854880;BMW;OTHER;;
18854880;BMW;OTHER;;
18854880;BMW;OTHER;;
18854880;BMW;OTHER;;
18858533;THALES;FIN_REP;https://www.thalesgroup.com/en/countries-asia-pacific/malaysia/press_release/thales-reinforces-commitment-malaysia-lima-2025-new;2025
18858533;THALES;OTHER;;
18858533;THALES;OTHER;;
18858533;THALES;OTHER;;
18858533;THALES;OTHER;;
18858533;THALES;OTHER;;
18860034;SIGNIFY NV;FIN_REP;https://www.signify.com/global/our-company/investors/calendar-events;2025
18860034;SIGNIFY NV;FIN_REP;https://www.signify.com;2024
18860034;SIGNIFY NV;FIN_REP;https://www.signify.com/b-dam/signify/en-aa/about/investor-relations/2023/20240313-signify-annual-report-2023.pdf;2023
18860034;SIGNIFY NV;FIN_REP;https://www.signify.com/b-dam/signify/en-aa/about/investors/2023/2023-annual-report.pdf;2023
18860034;SIGNIFY NV;FIN_REP;https://www.signify.com/global/our-company/investors;Unknown
18860034;SIGNIFY NV;OTHER;;
18860034;SIGNIFY NV;OTHER;;
18860034;SIGNIFY NV;OTHER;;
18860034;SIGNIFY NV;OTHER;;
18860034;SIGNIFY NV;OTHER;;
18864084;3I GROUP PLC;FIN_REP;https://www.3i.com/investor-relations/annual-report-2025/;2025
18864084;3I GROUP PLC;OTHER;;
18864084;3I GROUP PLC;OTHER;;
18864084;3I GROUP PLC;OTHER;;
18864084;3I GROUP PLC;OTHER;;
18864084;3I GROUP PLC;OTHER;;
18876900;BAYER;OTHER;;
18876900;BAYER;OTHER;;
18876900;BAYER;OTHER;;
18876900;BAYER;OTHER;;
18876900;BAYER;OTHER;;
18877286;AKTIEBOLAGET ELECTROLUX;FIN_REP;https://www.electroluxgroup.com/en/annual-reports-27641/;2030
18877286;AKTIEBOLAGET ELECTROLUX;OTHER;;
18877286;AKTIEBOLAGET ELECTROLUX;OTHER;;
18877286;AKTIEBOLAGET ELECTROLUX;OTHER;;
18877286;AKTIEBOLAGET ELECTROLUX;OTHER;;
18877286;AKTIEBOLAGET ELECTROLUX;OTHER;;
18886469;VEOLIA ENVIRONNEMENT;FIN_REP;https://www.veolia.com/en/veolia-group/finance/financial-information/press-releases;2027
18886469;VEOLIA ENVIRONNEMENT;OTHER;;
18886469;VEOLIA ENVIRONNEMENT;OTHER;;
18886469;VEOLIA ENVIRONNEMENT;OTHER;;
18886469;VEOLIA ENVIRONNEMENT;OTHER;;
18886469;VEOLIA ENVIRONNEMENT;OTHER;;
18898974;TUI;FIN_REP;https://www.tuigroup.com/en-en/investors/reports-and-presentations/annual-report;2023
18898974;TUI;FIN_REP;https://www.tuigroup.com/en-en/investors/reports-and-presentations;2023
18898974;TUI;FIN_REP;https://www.tuigroup.com/en-en/investors/reports-and-events/annual-reports;2023
18898974;TUI;FIN_REP;https://www.tuigroup.com/en-en/investors/reports-and-presentations/annual-reports;2023
18898974;TUI;OTHER;;
18898974;TUI;OTHER;;
18898974;TUI;OTHER;;
18898974;TUI;OTHER;;
18898974;TUI;OTHER;;
18901386;ASSA ABLOY AB;OTHER;;
18901386;ASSA ABLOY AB;OTHER;;
18901386;ASSA ABLOY AB;OTHER;;
18901386;ASSA ABLOY AB;OTHER;;
18901386;ASSA ABLOY AB;OTHER;;
18908258;RANDSTAD NV;FIN_REP;https://www.randstad.com//investor-relations/results-and-reports/annual-reports/;
18908258;RANDSTAD NV;FIN_REP;https://www.randstad.com/find-a-job/;
18908258;RANDSTAD NV;OTHER;;
18908258;RANDSTAD NV;OTHER;;
18908258;RANDSTAD NV;OTHER;;
18908258;RANDSTAD NV;OTHER;;
18908258;RANDSTAD NV;OTHER;;
18918108;NV BEKAERT SA;FIN_REP;https://www.bekaert.com/content/dam/corporate/en/annual-report/2024/en/Bekaert%20Annual%20Report%202024%20Document.pdf;2024
18918108;NV BEKAERT SA;OTHER;;
18918108;NV BEKAERT SA;OTHER;;
18918108;NV BEKAERT SA;OTHER;;
18918108;NV BEKAERT SA;OTHER;;
18918108;NV BEKAERT SA;OTHER;;
18919705;MANPOWERGROUP INC.;FIN_REP;https://investor.manpowergroup.com/financial-information/annual-reports;2023
18919705;MANPOWERGROUP INC.;OTHER;;
18919705;MANPOWERGROUP INC.;OTHER;;
18919705;MANPOWERGROUP INC.;OTHER;;
18919705;MANPOWERGROUP INC.;OTHER;;
18919705;MANPOWERGROUP INC.;OTHER;;
18928008;PARAMOUNT GLOBAL;FIN_REP;https://ir.paramount.com/quarterly-results;2025
18928008;PARAMOUNT GLOBAL;FIN_REP;https://ir.paramount.com//news-releases/news-release-details/paramount-global-report-first-quarter-2025-financial-results-may;2025
18928008;PARAMOUNT GLOBAL;OTHER;;
18928008;PARAMOUNT GLOBAL;OTHER;;
18928008;PARAMOUNT GLOBAL;OTHER;;
18928008;PARAMOUNT GLOBAL;OTHER;;
18928008;PARAMOUNT GLOBAL;OTHER;;
18930611;GLENCORE PLC;FIN_REP;https://www.glencore.com/investors#stage;2025
18930611;GLENCORE PLC;FIN_REP;https://www.glencore.com/.rest/api/v1/documents/static/7a4295e4-3674-45e9-94c4-7d7fb285faff/GLEN-2024-Annual-Report.pdf;2024
18930611;GLENCORE PLC;FIN_REP;https://consent.google.com/dl?continue=https://www.google.com/search?q%3DGLENCORE%2BPLC%2Binvestor%2Brelations%26tbm%3Dnws&gl=IT&hl=it&cm=2&pc=srp&uxe=none&src=1;2000
18930611;GLENCORE PLC;OTHER;;
18930611;GLENCORE PLC;OTHER;;
18930611;GLENCORE PLC;OTHER;;
18930611;GLENCORE PLC;OTHER;;
18930611;GLENCORE PLC;OTHER;;
18931004;DEUTSCHE LUFTHANSA;FIN_REP;https://report.lufthansagroup.com/2024/annual-report/en/;2024
18931004;DEUTSCHE LUFTHANSA;OTHER;;
18931004;DEUTSCHE LUFTHANSA;OTHER;;
18931004;DEUTSCHE LUFTHANSA;OTHER;;
18931004;DEUTSCHE LUFTHANSA;OTHER;;
18931004;DEUTSCHE LUFTHANSA;OTHER;;
18935271;TELEFONAKTIEBOLAGET LM ERICSSON;FIN_REP;https://www.ericsson.com/en/investors/financial-reports/annual-reports;2023
18935271;TELEFONAKTIEBOLAGET LM ERICSSON;OTHER;;
18935271;TELEFONAKTIEBOLAGET LM ERICSSON;OTHER;;
18935271;TELEFONAKTIEBOLAGET LM ERICSSON;OTHER;;
18935271;TELEFONAKTIEBOLAGET LM ERICSSON;OTHER;;
18935271;TELEFONAKTIEBOLAGET LM ERICSSON;OTHER;;
18940840;ABB LTD;FIN_REP;https://global.abb/group/en/investors/results-and-reports;2025
18940840;ABB LTD;FIN_REP;https://global.abb/group/en/investors/annual-reports;2023
18940840;ABB LTD;OTHER;;
18940840;ABB LTD;OTHER;;
18940840;ABB LTD;OTHER;;
18940840;ABB LTD;OTHER;;
18940840;ABB LTD;OTHER;;
18942704;HP INC.;FIN_REP;https://investor.hp.com/financials/sec-filings/default.aspx;2023
18942704;HP INC.;OTHER;;
18942704;HP INC.;OTHER;;
18942704;HP INC.;OTHER;;
18942704;HP INC.;OTHER;;
18942704;HP INC.;OTHER;;
18947387;CAPGEMINI;FIN_REP;https://investors.capgemini.com/en/financial-results/;2025
18947387;CAPGEMINI;FIN_REP;https://investors.capgemini.com/en/;2025
18947387;CAPGEMINI;FIN_REP;https://investors.capgemini.com/en/annual-reports/;
18947387;CAPGEMINI;OTHER;;
18947387;CAPGEMINI;OTHER;;
18947387;CAPGEMINI;OTHER;;
18947387;CAPGEMINI;OTHER;;
18947387;CAPGEMINI;OTHER;;
18953431;MERCK GROUP;OTHER;;
18953431;MERCK GROUP;OTHER;;
18953431;MERCK GROUP;OTHER;;
18953431;MERCK GROUP;OTHER;;
18953431;MERCK GROUP;OTHER;;
18953450;BPOST;OTHER;;
18953450;BPOST;OTHER;;
18953450;BPOST;OTHER;;
18953450;BPOST;OTHER;;
18953450;BPOST;OTHER;;
18957222;SYNLAB;FIN_REP;https://synlab.ag/;2025
18957222;SYNLAB;OTHER;;
18957222;SYNLAB;OTHER;;
18957222;SYNLAB;OTHER;;
18957222;SYNLAB;OTHER;;
18957222;SYNLAB;OTHER;;
18959709;L AIR LIQUIDE;OTHER;;
18959709;L AIR LIQUIDE;OTHER;;
18959709;L AIR LIQUIDE;OTHER;;
18959709;L AIR LIQUIDE;OTHER;;
18959709;L AIR LIQUIDE;OTHER;;
18959832;MOEVE;OTHER;;
18959832;MOEVE;OTHER;;
18959832;MOEVE;OTHER;;
18959832;MOEVE;OTHER;;
18959832;MOEVE;OTHER;;
18967691;GOODYEAR TIRE & RUBBER CO;FIN_REP;https://corporate.goodyear.com/us/en/investors/reports-and-filings.html;2023
18967691;GOODYEAR TIRE & RUBBER CO;OTHER;;
18967691;GOODYEAR TIRE & RUBBER CO;OTHER;;
18967691;GOODYEAR TIRE & RUBBER CO;OTHER;;
18967691;GOODYEAR TIRE & RUBBER CO;OTHER;;
18967691;GOODYEAR TIRE & RUBBER CO;OTHER;;
18970979;BROOKFIELD CORPORATION;FIN_REP;https://bep.brookfield.com/investors/shareholder-information/financial-reports;2023
18970979;BROOKFIELD CORPORATION;FIN_REP;https://bep.brookfield.com/investors/financial-reports;2023
18970979;BROOKFIELD CORPORATION;FIN_REP;https://bam.brookfield.com/investors/financial-reports;2023
18970979;BROOKFIELD CORPORATION;FIN_REP;https://bep.brookfield.com/investors/financial-reports-and-filings;2023
18970979;BROOKFIELD CORPORATION;FIN_REP;https://bep.brookfield.com/investors/financial-reports/annual-reports;2023
18970979;BROOKFIELD CORPORATION;OTHER;;
18970979;BROOKFIELD CORPORATION;OTHER;;
18970979;BROOKFIELD CORPORATION;OTHER;;
18970979;BROOKFIELD CORPORATION;OTHER;;
18970979;BROOKFIELD CORPORATION;OTHER;;
18974095;UMICORE;FIN_REP;https://www.umicore.com/en/media/newsroom/;2025
18974095;UMICORE;FIN_REP;https://www.umicore.com/en/media/newsroom/umicore-publishes-annual-report-2024/;2024
18974095;UMICORE;FIN_REP;https://www.umicore.com/en/investor-relations/publications-reports/annual-report/;2024
18974095;UMICORE;OTHER;;
18974095;UMICORE;OTHER;;
18974095;UMICORE;OTHER;;
18974095;UMICORE;OTHER;;
18974095;UMICORE;OTHER;;
18976475;KONE;FIN_REP;https://www.kone.com/en/investors/reports-and-presentations/annual-reports/;2023
18976475;KONE;FIN_REP;https://www.kone.com/en/investors/reports-and-presentations/;2023
18976475;KONE;OTHER;;
18976475;KONE;OTHER;;
18976475;KONE;OTHER;;
18976475;KONE;OTHER;;
18976475;KONE;OTHER;;
18980415;MICROSOFT CORPORATION;OTHER;;
18980415;MICROSOFT CORPORATION;OTHER;;
18980415;MICROSOFT CORPORATION;OTHER;;
18980415;MICROSOFT CORPORATION;OTHER;;
18980415;MICROSOFT CORPORATION;OTHER;;
18981199;GSK PLC;FIN_REP;https://www.gsk.com/en-gb/investors/;9859
18981199;GSK PLC;FIN_REP;https://www.gsk.com/en-gb/investors/financial-reports/annual-report-2024/;2024
18981199;GSK PLC;FIN_REP;https://www.gsk.com/investors#main-content;2002
18981199;GSK PLC;OTHER;;
18981199;GSK PLC;OTHER;;
18981199;GSK PLC;OTHER;;
18981199;GSK PLC;OTHER;;
18981199;GSK PLC;OTHER;;
18984365;NOKIA;FIN_REP;https://www.nokia.com/sites/default/files/2024-02/nokia_annual_report_2023.pdf;2023
18984365;NOKIA;FIN_REP;https://www.nokia.com/investors/financial-information/annual-reports/;2023
18984365;NOKIA;FIN_REP;https://www.nokia.com/sites/default/files/2024-02/nokia_2023_annual_report.pdf;2023
18984365;NOKIA;FIN_REP;https://www.nokia.com/sites/default/files/2024-02/nokia_financial_report_for_2023.pdf;2023
18984365;NOKIA;OTHER;;
18984365;NOKIA;OTHER;;
18984365;NOKIA;OTHER;;
18984365;NOKIA;OTHER;;
18984365;NOKIA;OTHER;;
18984744;MONDELEZ INTERNATIONAL INC.;FIN_REP;https://www.mondelezinternational.com/investors#global-header;2024
18984744;MONDELEZ INTERNATIONAL INC.;FIN_REP;https://www.mondelezinternational.com/investors/financials/annual-reports/;2023
18984744;MONDELEZ INTERNATIONAL INC.;OTHER;;
18984744;MONDELEZ INTERNATIONAL INC.;OTHER;;
18984744;MONDELEZ INTERNATIONAL INC.;OTHER;;
18984744;MONDELEZ INTERNATIONAL INC.;OTHER;;
18984744;MONDELEZ INTERNATIONAL INC.;OTHER;;
18986164;TELEFONICA;FIN_REP;https://www.telefonica.com/en/#primary;2025
18986164;TELEFONICA;FIN_REP;https://www.telefonica.com/en/web/shareholders-investors/financial-information/annual-results;2023
18986164;TELEFONICA;FIN_REP;https://www.telefonica.com/en/shareholders-investors/financial-reports/quarterly-reports/2023/;2023
18986164;TELEFONICA;OTHER;;
18986164;TELEFONICA;OTHER;;
18986164;TELEFONICA;OTHER;;
18986164;TELEFONICA;OTHER;;
18986164;TELEFONICA;OTHER;;
18987927;ENI S P A;FIN_REP;https://www.eni.com/it-IT/documentazione.html;2050
18987927;ENI S P A;FIN_REP;https://www.eni.com/en-IT/investors/our-reports/financial-results/2025/2025-first-quarter-results.html;2025
18987927;ENI S P A;FIN_REP;https://www.eni.com/en-IT/governance/2025-shareholders-meeting.html;2025
18987927;ENI S P A;OTHER;;
18987927;ENI S P A;OTHER;;
18987927;ENI S P A;OTHER;;
18987927;ENI S P A;OTHER;;
18987927;ENI S P A;OTHER;;
18988574;ARCELORMITTAL;OTHER;;
18988574;ARCELORMITTAL;OTHER;;
18988574;ARCELORMITTAL;OTHER;;
18988574;ARCELORMITTAL;OTHER;;
18988574;ARCELORMITTAL;OTHER;;
18990015;HEIDELBERGCEMENT;FIN_REP;https://www.heidelbergcement.com/sites/default/files/2025-03/HM_ASR24_en.pdf;2025
18990015;HEIDELBERGCEMENT;FIN_REP;https://www.heidelbergmaterials.com/en/heidelbergcement-is-now-heidelberg-materials;
18990015;HEIDELBERGCEMENT;OTHER;;
18990015;HEIDELBERGCEMENT;OTHER;;
18990015;HEIDELBERGCEMENT;OTHER;;
18990015;HEIDELBERGCEMENT;OTHER;;
18990015;HEIDELBERGCEMENT;OTHER;;
18990928;INTERNATIONAL BUSINESS MACHINES CORP(IBM);FIN_REP;https://www.ibm.com/investor/services/annual-report;2025
18990928;INTERNATIONAL BUSINESS MACHINES CORP(IBM);FIN_REP;https://www.ibm.com/investor/10k/;2023
18990928;INTERNATIONAL BUSINESS MACHINES CORP(IBM);FIN_REP;https://www.ibm.com/investor/10-k/;2023
18990928;INTERNATIONAL BUSINESS MACHINES CORP(IBM);FIN_REP;https://www.ibm.com/investor/10-k/2023.html;2023
18990928;INTERNATIONAL BUSINESS MACHINES CORP(IBM);OTHER;;
18990928;INTERNATIONAL BUSINESS MACHINES CORP(IBM);OTHER;;
18990928;INTERNATIONAL BUSINESS MACHINES CORP(IBM);OTHER;;
18990928;INTERNATIONAL BUSINESS MACHINES CORP(IBM);OTHER;;
18990928;INTERNATIONAL BUSINESS MACHINES CORP(IBM);OTHER;;
18997891;MEDTRONIC PLC;FIN_REP;https://investorrelations.medtronic.com/;2025
18997891;MEDTRONIC PLC;FIN_REP;https://www.medtronic.com/en-us/healthcare-professionals/services/financial-services.html;2024
18997891;MEDTRONIC PLC;FIN_REP;https://www.medtronic.com/en-us/l/c/neurological/inceptiv-pain-relief.html?cmpid=Vanity_URL_MIX_painrelief_202210_US_EN_NM_Inceptiv_FY23.html;2022
18997891;MEDTRONIC PLC;FIN_REP;https://news.medtronic.com/press-releases;9999
18997891;MEDTRONIC PLC;OTHER;;
18997891;MEDTRONIC PLC;OTHER;;
18997891;MEDTRONIC PLC;OTHER;;
18997891;MEDTRONIC PLC;OTHER;;
18997891;MEDTRONIC PLC;OTHER;;
19004631;NESTLE S.A.;OTHER;;
19004631;NESTLE S.A.;OTHER;;
19004631;NESTLE S.A.;OTHER;;
19004631;NESTLE S.A.;OTHER;;
19004631;NESTLE S.A.;OTHER;;
19011564;SODIM;FIN_REP;https://www.sodim.com/#c2732;2732
19011564;SODIM;FIN_REP;https://sodimac.falabella.com/sodimac-cl/static/pdf/inversionistas/Memorias_2023.pdf;2023
19011564;SODIM;FIN_REP;https://www.sodim.com#c2732;2023
19011564;SODIM;FIN_REP;https://duckduckgo.com/l/?uddg=https%3A%2F%2Fir.sodic.com%2Fen%2Fshare%2D%26%2Dcorporate%2Dinformation&rut=fbf05751cd5ac9940abc16b197fe3b1f947f2ebfc2df6614d674aaee0199323d;1993
19011564;SODIM;OTHER;;
19011564;SODIM;OTHER;;
19011564;SODIM;OTHER;;
19011564;SODIM;OTHER;;
19011564;SODIM;OTHER;;
19013259;META PLATFORMS INC.;OTHER;;
19013259;META PLATFORMS INC.;OTHER;;
19013259;META PLATFORMS INC.;OTHER;;
19013259;META PLATFORMS INC.;OTHER;;
19013259;META PLATFORMS INC.;OTHER;;
19017221;NOVOMATIC GROUP;OTHER;;
19017221;NOVOMATIC GROUP;OTHER;;
19017221;NOVOMATIC GROUP;OTHER;;
19017221;NOVOMATIC GROUP;OTHER;;
19017221;NOVOMATIC GROUP;OTHER;;
19019578;HUSQVARNA AB;FIN_REP;https://accounts.google.com/ServiceLogin?hl=it&continue=https://www.google.com/search?q%3DHusqvarna%2BAB%2Binvestor%2Brelations&gae=cb-none;2001
19019578;HUSQVARNA AB;FIN_REP;https://www.husqvarnagroup.com/sites/husqvarna/files/pr/202504073721-1.pdf;1273
19019578;HUSQVARNA AB;OTHER;;
19019578;HUSQVARNA AB;OTHER;;
19019578;HUSQVARNA AB;OTHER;;
19019578;HUSQVARNA AB;OTHER;;
19019578;HUSQVARNA AB;OTHER;;
19031780;WALT DISNEY COMPANY (THE);FIN_REP;https://thewaltdisneycompany.com/the-walt-disney-company-reports-second-quarter-earnings-for-fiscal-2025/;2025
19031780;WALT DISNEY COMPANY (THE);FIN_REP;https://thewaltdisneycompany.com/2025-annual-meeting-of-shareholders-webcast/;2025
19031780;WALT DISNEY COMPANY (THE);FIN_REP;https://thewaltdisneycompany.com/app/uploads/2025/01/2024-Annual-Report.pdf;2025
19031780;WALT DISNEY COMPANY (THE);FIN_REP;https://thewaltdisneycompany.com/investors/;2019
19031780;WALT DISNEY COMPANY (THE);OTHER;;
19031780;WALT DISNEY COMPANY (THE);OTHER;;
19031780;WALT DISNEY COMPANY (THE);OTHER;;
19031780;WALT DISNEY COMPANY (THE);OTHER;;
19031780;WALT DISNEY COMPANY (THE);OTHER;;
19032544;RETHMANN;FIN_REP;https://www.rethmann.de/en/company/financial-reports/;2022
19032544;RETHMANN;FIN_REP;https://www.rethmann.de/en/media/reports-presentations/;2022
19032544;RETHMANN;FIN_REP;https://www.rethmann.de/en/publications/;2022
19032544;RETHMANN;FIN_REP;https://www.rethmann.de/en/company/annual-reports/;2022
19032544;RETHMANN;FIN_REP;https://www.rethmann.de/en/company/publications/annual-reports/;2022
19032544;RETHMANN;OTHER;;
19032544;RETHMANN;OTHER;;
19032544;RETHMANN;OTHER;;
19032544;RETHMANN;OTHER;;
19032544;RETHMANN;OTHER;;
19032847;MITSUI & CO LTD;FIN_REP;https://www.mitsui.com/jp/ja/ir/library/meeting/pdf/ja_253_4q_ppt.pdf;2054
19032847;MITSUI & CO LTD;FIN_REP;https://duckduckgo.com/feedback.html;2025
19032847;MITSUI & CO LTD;FIN_REP;https://www.mitsui.com/jp/en/news/index.html;2025
19032847;MITSUI & CO LTD;FIN_REP;https://www.mitsui.com/jp/en/ir/library/meeting/2025/index.html;2024
19032847;MITSUI & CO LTD;OTHER;;
19032847;MITSUI & CO LTD;OTHER;;
19032847;MITSUI & CO LTD;OTHER;;
19032847;MITSUI & CO LTD;OTHER;;
19032847;MITSUI & CO LTD;OTHER;;
19037620;JBS S.A.;FIN_REP;https://ri.jbs.com.br/en/;
19037620;JBS S.A.;OTHER;;
19037620;JBS S.A.;OTHER;;
19037620;JBS S.A.;OTHER;;
19037620;JBS S.A.;OTHER;;
19037620;JBS S.A.;OTHER;;
19037648;H & M HENNES & MAURITZ;FIN_REP;https://hmgroup.com/wp-content/uploads/2025/03/HM-Group-Annual-and-sustainability-report-2024.pdf;2025
19037648;H & M HENNES & MAURITZ;FIN_REP;https://hmgroup.com/sustainability/circularity-and-climate/;2024
19037648;H & M HENNES & MAURITZ;FIN_REP;https://hmgroup.com/about-us/markets-and-expansion/;2024
19037648;H & M HENNES & MAURITZ;OTHER;;
19037648;H & M HENNES & MAURITZ;OTHER;;
19037648;H & M HENNES & MAURITZ;OTHER;;
19037648;H & M HENNES & MAURITZ;OTHER;;
19037648;H & M HENNES & MAURITZ;OTHER;;
19041196;MERCEDES-BENZ GROUP;OTHER;;
19041196;MERCEDES-BENZ GROUP;OTHER;;
19041196;MERCEDES-BENZ GROUP;OTHER;;
19041196;MERCEDES-BENZ GROUP;OTHER;;
19041196;MERCEDES-BENZ GROUP;OTHER;;
19041914;PEPSICO INC;FIN_REP;https://investors.pepsico.com/docs/default-source/investors/q1-2020/q1-2020-form-10q_dy4djboqa1pfif8a.pdf?sfvrsn=a2147a27_3;2020
19041914;PEPSICO INC;FIN_REP;https://www.pepsico.com/docs/default-source/investors/q4-2024/q4-2024-form-10k_kgcva0jf89d2927o.pdf;1918
19041914;PEPSICO INC;OTHER;;
19041914;PEPSICO INC;OTHER;;
19041914;PEPSICO INC;OTHER;;
19041914;PEPSICO INC;OTHER;;
19041914;PEPSICO INC;OTHER;;
19042061;COMPASS GROUP PLC;FIN_REP;https://www.compass-group.com/global/en/investors/results-centre.html;2023
19042061;COMPASS GROUP PLC;FIN_REP;https://www.compass-group.com/global/en/investors/reports-and-presentations.html;2023
19042061;COMPASS GROUP PLC;FIN_REP;https://www.compass-group.com/global/en/investors/financial-reports.html;2023
19042061;COMPASS GROUP PLC;FIN_REP;https://www.compass-group.com/global/investors/reports-and-presentations.html;2023
19042061;COMPASS GROUP PLC;OTHER;;
19042061;COMPASS GROUP PLC;OTHER;;
19042061;COMPASS GROUP PLC;OTHER;;
19042061;COMPASS GROUP PLC;OTHER;;
19042061;COMPASS GROUP PLC;OTHER;;
19044103;ATOS SE;FIN_REP;https://atos.net/en/investors/financial-information/financial-reports;2025
19044103;ATOS SE;FIN_REP;https://atos.net/wp-content/uploads/2024/09/atos-cookie-overview-table.pdf;2024
19044103;ATOS SE;FIN_REP;https://atos.net/en/2025/press-release_2025_03_05/atos-reports-full-year-2024-results;2024
19044103;ATOS SE;FIN_REP;https://atos.net/en/investors#content;2023
19044103;ATOS SE;OTHER;;
19044103;ATOS SE;OTHER;;
19044103;ATOS SE;OTHER;;
19044103;ATOS SE;OTHER;;
19044103;ATOS SE;OTHER;;
19044732;VOLKSWAGEN;FIN_REP;https://uploads.vw-mms.de/system/production/documents/cws/003/001/file_en/4c3c7a2b0c7c10fb7b8121427fced77aa82b762e/NEU_2025-04-30_Volkswagen_Group_Q1_Conference_Analyst_and_Investor_website.pdf?1745993652;8121
19044732;VOLKSWAGEN;FIN_REP;https://www.volkswagen-group.com/en/publications/more/annual-report-2024-2931;2024
19044732;VOLKSWAGEN;FIN_REP;https://accounts.google.com/ServiceLogin?hl=it&continue=https://www.google.com/search?q%3Dinvestor%2Brelations%2BVOLKSWAGEN%26num%3D5&gae=cb-none;2001
19044732;VOLKSWAGEN;FIN_REP;https://www.volkswagenag.com/en/financial-reports-18134;1813
19044732;VOLKSWAGEN;OTHER;;
19044732;VOLKSWAGEN;OTHER;;
19044732;VOLKSWAGEN;OTHER;;
19044732;VOLKSWAGEN;OTHER;;
19044732;VOLKSWAGEN;OTHER;;
19045186;TOYOTA MOTOR CORPORATION;FIN_REP;https://global.toyota/en/newsroom/corporate/42662292.html;4266
19045186;TOYOTA MOTOR CORPORATION;FIN_REP;https://global.toyota/en/newsroom/corporate/42662292.html?padid=ag478_from_pickup2;4266
19045186;TOYOTA MOTOR CORPORATION;FIN_REP;https://global.toyota/en/newsroom/corporate/23412012.html?padid=ag478_from_announcement;2021
19045186;TOYOTA MOTOR CORPORATION;OTHER;;
19045186;TOYOTA MOTOR CORPORATION;OTHER;;
19045186;TOYOTA MOTOR CORPORATION;OTHER;;
19045186;TOYOTA MOTOR CORPORATION;OTHER;;
19045186;TOYOTA MOTOR CORPORATION;OTHER;;
19050011;DEUTSCHE TELEKOM;FIN_REP;https://report.telekom.com/annual-report-2024/;2024
19050011;DEUTSCHE TELEKOM;FIN_REP;https://www.telekom.com/en/investor-relations/publications/annual-report;2023
19050011;DEUTSCHE TELEKOM;OTHER;;
19050011;DEUTSCHE TELEKOM;OTHER;;
19050011;DEUTSCHE TELEKOM;OTHER;;
19050011;DEUTSCHE TELEKOM;OTHER;;
19050011;DEUTSCHE TELEKOM;OTHER;;
19050406;ITOCHU CORPORATION;FIN_REP;https://www.itochu.co.jp//en/ir/doc/annual_report/online2024/ceomessage.html;2024
19050406;ITOCHU CORPORATION;FIN_REP;https://www.itochu.co.jp/en/ir/#contentsContainer;
19050406;ITOCHU CORPORATION;FIN_REP;https://www.itochu.co.jp/en/ir/doc/annual_report/index.html;
19050406;ITOCHU CORPORATION;OTHER;;
19050406;ITOCHU CORPORATION;OTHER;;
19050406;ITOCHU CORPORATION;OTHER;;
19050406;ITOCHU CORPORATION;OTHER;;
19050406;ITOCHU CORPORATION;OTHER;;
19052995;ALSTOM;FIN_REP;https://www.alstom.com/sites/alstom.com/files/2024/05/15/20240515_Alstom_Universal_Registration_Document_EN.pdf;2024
19052995;ALSTOM;FIN_REP;https://www.instagram.com/p/DJrfE_GIvBz/;2026
19052995;ALSTOM;OTHER;;
19052995;ALSTOM;OTHER;;
19052995;ALSTOM;OTHER;;
19052995;ALSTOM;OTHER;;
19052995;ALSTOM;OTHER;;
19053695;DANONE;FIN_REP;https://www.danone.com/investors/publications-and-events/investors-conferences.html;2202
19053695;DANONE;FIN_REP;https://www.danone.com/investors/publications-and-events/financial-and-extra-financial-reports.html;2024
19053695;DANONE;FIN_REP;https://www.danone.com/content/dam/corp/global/danonecom/about-us-impact/policies-and-commitments/en/2024/danoneexhaustive2023extrafinancialdata.pdf;2024
19053695;DANONE;OTHER;;
19053695;DANONE;OTHER;;
19053695;DANONE;OTHER;;
19053695;DANONE;OTHER;;
19053695;DANONE;OTHER;;
19057037;THERMO FISHER SCIENTIFIC INC.;FIN_REP;https://ir.thermofisher.com/investors/financial-information/sec-filings/default.aspx;2023
19057037;THERMO FISHER SCIENTIFIC INC.;FIN_REP;https://ir.thermofisher.com/investors/financials/sec-filings/default.aspx;2023
19057037;THERMO FISHER SCIENTIFIC INC.;OTHER;;
19057037;THERMO FISHER SCIENTIFIC INC.;OTHER;;
19057037;THERMO FISHER SCIENTIFIC INC.;OTHER;;
19057037;THERMO FISHER SCIENTIFIC INC.;OTHER;;
19057037;THERMO FISHER SCIENTIFIC INC.;OTHER;;
19060705;NIPPON TELEGRAPH AND TELEPHONE CORPORATION;FIN_REP;https://www.ntt.co.jp/ir/e/library/annual/pdf/ntt_ar2023e.pdf;2023
19060705;NIPPON TELEGRAPH AND TELEPHONE CORPORATION;FIN_REP;https://www.ntt.co.jp/ir/library_e/annual/pdf/2023e.pdf;2023
19060705;NIPPON TELEGRAPH AND TELEPHONE CORPORATION;FIN_REP;https://www.ntt.co.jp/ir/library/annual/pdf/ntt_ar2023e.pdf;2023
19060705;NIPPON TELEGRAPH AND TELEPHONE CORPORATION;FIN_REP;https://www.ntt.co.jp/ir/library/annual/pdf/2023e.pdf;2023
19060705;NIPPON TELEGRAPH AND TELEPHONE CORPORATION;FIN_REP;https://www.ntt.co.jp/ir/library_e/annual/pdf/23all_e.pdf;2023-2024
19060705;NIPPON TELEGRAPH AND TELEPHONE CORPORATION;OTHER;;
19060705;NIPPON TELEGRAPH AND TELEPHONE CORPORATION;OTHER;;
19060705;NIPPON TELEGRAPH AND TELEPHONE CORPORATION;OTHER;;
19060705;NIPPON TELEGRAPH AND TELEPHONE CORPORATION;OTHER;;
19060705;NIPPON TELEGRAPH AND TELEPHONE CORPORATION;OTHER;;
19061929;ZHEJIANG GEELY HOLDING GROUP CO LTD;FIN_REP;https://www.geelyholdings.com/en/investor-relations/financial-reports;2023
19061929;ZHEJIANG GEELY HOLDING GROUP CO LTD;FIN_REP;https://www.geelyholdings.com/en/investor-relations/annual-reports;2023
19061929;ZHEJIANG GEELY HOLDING GROUP CO LTD;FIN_REP;https://www.geely.com/media-center/;2023
19061929;ZHEJIANG GEELY HOLDING GROUP CO LTD;OTHER;;
19061929;ZHEJIANG GEELY HOLDING GROUP CO LTD;OTHER;;
19061929;ZHEJIANG GEELY HOLDING GROUP CO LTD;OTHER;;
19061929;ZHEJIANG GEELY HOLDING GROUP CO LTD;OTHER;;
19061929;ZHEJIANG GEELY HOLDING GROUP CO LTD;OTHER;;
19063169;DEUTSCHE POST;OTHER;;
19063169;DEUTSCHE POST;OTHER;;
19063169;DEUTSCHE POST;OTHER;;
19063169;DEUTSCHE POST;OTHER;;
19063169;DEUTSCHE POST;OTHER;;
19063238;ACCENTURE PLC;FIN_REP;https://investor.accenture.com/~/media/Files/A/Accenture-IR/financials/annual-reports/Accenture-2023-Annual-Report.pdf;2023
19063238;ACCENTURE PLC;OTHER;;
19063238;ACCENTURE PLC;OTHER;;
19063238;ACCENTURE PLC;OTHER;;
19063238;ACCENTURE PLC;OTHER;;
19063238;ACCENTURE PLC;OTHER;;
19071003;SCHAEFFLER;OTHER;;
19071003;SCHAEFFLER;OTHER;;
19071003;SCHAEFFLER;OTHER;;
19071003;SCHAEFFLER;OTHER;;
19071003;SCHAEFFLER;OTHER;;
19078026;SINOCHEM;OTHER;;
19078026;SINOCHEM;OTHER;;
19078026;SINOCHEM;OTHER;;
19078026;SINOCHEM;OTHER;;
19078026;SINOCHEM;OTHER;;
19078254;BOUYGUES;OTHER;;
19078254;BOUYGUES;OTHER;;
19078254;BOUYGUES;OTHER;;
19078254;BOUYGUES;OTHER;;
19078254;BOUYGUES;OTHER;;
19081380;EDP;FIN_REP;https://www.edp.com/sites/default/files/document/2025-03/Integrated_annual_Resport_2024.pdf;2025
19081380;EDP;FIN_REP;https://www.edp.com/en/responsible-action/environment/circular-economy;Unknown
19081380;EDP;OTHER;;
19081380;EDP;OTHER;;
19081380;EDP;OTHER;;
19081380;EDP;OTHER;;
19081380;EDP;OTHER;;
19089102;NOVARTIS AG;FIN_REP;https://www.novartis.com/sites/novartis_com/files/2025-04-interim-financial-report-en.pdf;2025
19089102;NOVARTIS AG;FIN_REP;https://www.novartis.com/sites/novartis_com/files/novartis-annual-report-2023.pdf;2023
19089102;NOVARTIS AG;FIN_REP;https://www.novartis.com/sites/novartis_com/files/novartis-integrated-report-2023.pdf;2023
19089102;NOVARTIS AG;OTHER;;
19089102;NOVARTIS AG;OTHER;;
19089102;NOVARTIS AG;OTHER;;
19089102;NOVARTIS AG;OTHER;;
19089102;NOVARTIS AG;OTHER;;
19098069;EXXON MOBIL CORP;FIN_REP;https://corporate.exxonmobil.com/-/media/Global/Files/investor-relations/annual-meeting-materials/2023-Annual-Report.pdf;2023
19098069;EXXON MOBIL CORP;FIN_REP;https://investor.exxonmobil.com/sec-filings;0003
19098069;EXXON MOBIL CORP;OTHER;;
19098069;EXXON MOBIL CORP;OTHER;;
19098069;EXXON MOBIL CORP;OTHER;;
19098069;EXXON MOBIL CORP;OTHER;;
19098069;EXXON MOBIL CORP;OTHER;;
19098782;HENKEL KGAA;FIN_REP;https://www.henkel.com/resource/blob/88220/6f0c69ca937689492415e29c9940a3b5/download/henkel-annual-report-2023-data.pdf;2023
19098782;HENKEL KGAA;FIN_REP;https://www.henkel.com/resource/blob/926734/048b82d92c26e99c811709aa3c48c94a/data/2023-henkel-annual-report.pdf;2023
19098782;HENKEL KGAA;FIN_REP;https://www.henkel.com/resource/blob/1163896/b746f7a1477651556f7c83c5227a5538/data/henkel-ar-2023-en-pdf.pdf;2023
19098782;HENKEL KGAA;FIN_REP;https://www.henkel.com/resource/blob/1054556/41d32e9142b25768e1a1d76074416e13/data/annual-report-2023-en.pdf;2023
19098782;HENKEL KGAA;FIN_REP;https://www.henkel.com//investors-and-analysts/financial-reports/annual-reports;Unknown
19098782;HENKEL KGAA;OTHER;;
19098782;HENKEL KGAA;OTHER;;
19098782;HENKEL KGAA;OTHER;;
19098782;HENKEL KGAA;OTHER;;
19098782;HENKEL KGAA;OTHER;;
19103593;D IETEREN GROUP;FIN_REP;https://www.dieterengroup.com/;2020
19103593;D IETEREN GROUP;FIN_REP;https://www.dieterengroup.com/annual-reports/;2020
19103593;D IETEREN GROUP;OTHER;;
19103593;D IETEREN GROUP;OTHER;;
19103593;D IETEREN GROUP;OTHER;;
19103593;D IETEREN GROUP;OTHER;;
19103593;D IETEREN GROUP;OTHER;;
19106201;HEINEKEN;FIN_REP;https://www.theheinekencompany.com/sites/theheinekencompany/files/2024-02/THE%20HEINEKEN%20COMPANY%20AR2023.pdf;2023
19106201;HEINEKEN;FIN_REP;https://www.theheinekencompany.com/sites/heineken.com/files/investors/results-reports/2023/2023_Full_Year_Results.pdf;2023
19106201;HEINEKEN;FIN_REP;https://www.theheinekencompany.com/investors/results-reports-and-presentations;2023
19106201;HEINEKEN;FIN_REP;https://www.theheinekencompany.com/investors/reports-and-presentations/annual-reports;2023
19106201;HEINEKEN;FIN_REP;https://www.theheinekencompany.com/investors/financial-reporting/annual-reports;2023
19106201;HEINEKEN;OTHER;;
19106201;HEINEKEN;OTHER;;
19106201;HEINEKEN;OTHER;;
19106201;HEINEKEN;OTHER;;
19106201;HEINEKEN;OTHER;;
19112336;INDITEX;FIN_REP;https://www.inditex.com/documents/10279/1658157/Annual+Report+2023.pdf;2023
19112336;INDITEX;FIN_REP;https://www.inditex.com/documents/10279/650331/Annual+Report+2023.pdf/c606293d-4dd9-2583-8b00-77a581136294?t=1708052634466;2023
19112336;INDITEX;FIN_REP;https://www.inditex.com/investors/financial_information/annual_reports;2023
19112336;INDITEX;FIN_REP;https://www.inditex.com/documents/10279/2985335/Informe+Anual+2023+en.pdf/23c44420-2279-8d57-05de-659c563292b0;2023
19112336;INDITEX;FIN_REP;https://www.inditex.com/documents/10279/77343028/Informe+Anual+Consolidado+2023/92139d5a-d614-137c-4712-736a98cd0193?t=1710514665514;2023
19112336;INDITEX;OTHER;;
19112336;INDITEX;OTHER;;
19112336;INDITEX;OTHER;;
19112336;INDITEX;OTHER;;
19112336;INDITEX;OTHER;;
19118622;IBERDROLA;OTHER;;
19118622;IBERDROLA;OTHER;;
19118622;IBERDROLA;OTHER;;
19118622;IBERDROLA;OTHER;;
19118622;IBERDROLA;OTHER;;
19143810;JOHN SWIRE & SONS LIMITED;FIN_REP;https://www.swire.com/en/ir/annual-reports.php;2023
19143810;JOHN SWIRE & SONS LIMITED;FIN_REP;https://www.swire.com/en/ir/ar/;2023
19143810;JOHN SWIRE & SONS LIMITED;FIN_REP;https://www.swire.com/en/investors/financial-reports/index.php;2023
19143810;JOHN SWIRE & SONS LIMITED;FIN_REP;https://www.swire.com/en/investor-relations/annual-reports/;2023
19143810;JOHN SWIRE & SONS LIMITED;FIN_REP;https://www.swire.com/en/investors/annual-reports/;2023
19143810;JOHN SWIRE & SONS LIMITED;OTHER;;
19143810;JOHN SWIRE & SONS LIMITED;OTHER;;
19143810;JOHN SWIRE & SONS LIMITED;OTHER;;
19143810;JOHN SWIRE & SONS LIMITED;OTHER;;
19143810;JOHN SWIRE & SONS LIMITED;OTHER;;
19145378;ESSITY;FIN_REP;https://assets.www.essity.com/essity/Essity_AR24_Eng.pdf;2024
19145378;ESSITY;FIN_REP;https://www.essity.com/investors/financial-reports/;2023
19145378;ESSITY;FIN_REP;https://www.essity.com/investors/financial-reports/annual-reports/;2023
19145378;ESSITY;FIN_REP;https://assets.www.essity.com/essity/Essity_Annual-and-Sustainability-Report-2022_0302.pdf;2022
19145378;ESSITY;FIN_REP;https://assets.www.essity.com/essity/Presentation%20Interim%20Report%20Quarter%201%2C%202025.pdf;2020
19145378;ESSITY;OTHER;;
19145378;ESSITY;OTHER;;
19145378;ESSITY;OTHER;;
19145378;ESSITY;OTHER;;
19145378;ESSITY;OTHER;;
19149741;LEONARDO SOCIETA PER AZIONI;FIN_REP;https://www.leonardocompany.com/documents/20142/16697311/Leonardo_AR2023.pdf/c919e492-8e57-1439-685f-f05ed1719389?version=1.0&t=1711452961128;2023
19149741;LEONARDO SOCIETA PER AZIONI;FIN_REP;https://www.leonardocompany.com/documents/15646808/28608810/2024+Integrated+Annual+Report.pdf?t=1741973243807;1564
19149741;LEONARDO SOCIETA PER AZIONI;FIN_REP;https://www.leonardocompany.com/en/investors/results-and-reports;
19149741;LEONARDO SOCIETA PER AZIONI;OTHER;;
19149741;LEONARDO SOCIETA PER AZIONI;OTHER;;
19149741;LEONARDO SOCIETA PER AZIONI;OTHER;;
19149741;LEONARDO SOCIETA PER AZIONI;OTHER;;
19149741;LEONARDO SOCIETA PER AZIONI;OTHER;;
19157606;BOSCH;FIN_REP;https://www.bosch.com/stories/technology-report-tech-compass-2025/;2025
19157606;BOSCH;FIN_REP;https://www.bosch.com/company/annual-report/;2024
19157606;BOSCH;OTHER;;
19157606;BOSCH;OTHER;;
19157606;BOSCH;OTHER;;
19157606;BOSCH;OTHER;;
19157606;BOSCH;OTHER;;
19159067;DELL TECHNOLOGIES INC.;OTHER;;
19159067;DELL TECHNOLOGIES INC.;OTHER;;
19159067;DELL TECHNOLOGIES INC.;OTHER;;
19159067;DELL TECHNOLOGIES INC.;OTHER;;
19159067;DELL TECHNOLOGIES INC.;OTHER;;
19159307;INTERTEK GROUP PLC;FIN_REP;https://www.intertek.com/siteassets/investors/2024/intertek-financial-report-2024.pdf;2024
19159307;INTERTEK GROUP PLC;FIN_REP;https://www.intertek.com/investors/2024-year-in-review/;2024
19159307;INTERTEK GROUP PLC;OTHER;;
19159307;INTERTEK GROUP PLC;OTHER;;
19159307;INTERTEK GROUP PLC;OTHER;;
19159307;INTERTEK GROUP PLC;OTHER;;
19159307;INTERTEK GROUP PLC;OTHER;;
19174661;ESSILORLUXOTTICA;FIN_REP;https://www.essilorluxottica.com/en/cap/content/256676/;2566
19174661;ESSILORLUXOTTICA;FIN_REP;https://accounts.google.com/ServiceLogin?hl=it&continue=https://www.google.com/search?q%3Dsite:essilorluxottica.com%2Bannual%2520report%2Bfinancial%2520report%2Binvestor%2520relations&gae=cb-none;2520
19174661;ESSILORLUXOTTICA;OTHER;;
19174661;ESSILORLUXOTTICA;OTHER;;
19174661;ESSILORLUXOTTICA;OTHER;;
19174661;ESSILORLUXOTTICA;OTHER;;
19174661;ESSILORLUXOTTICA;OTHER;;
19187838;ALPHABET INC.;FIN_REP;https://www.abc.xyz/assets/34/fa/ee06f3de4338b99acffc5c229d9f/2025q1-alphabet-earnings-release.pdf;4338
19187838;ALPHABET INC.;FIN_REP;https://www.abc.xyz/assets/70/a3/43ba8a804b49ac2fa2595c3c6704/2024-annual-report.pdf;2595
19187838;ALPHABET INC.;OTHER;;
19187838;ALPHABET INC.;OTHER;;
19187838;ALPHABET INC.;OTHER;;
19187838;ALPHABET INC.;OTHER;;
19187838;ALPHABET INC.;OTHER;;
19191179;MARUBENI CORPORATION;FIN_REP;https://www.marubeni.com/en/ir/;2025
19191179;MARUBENI CORPORATION;FIN_REP;https://www.marubeni.com/en/ir//reports/integrated_report/;Unknown
19191179;MARUBENI CORPORATION;FIN_REP;https://www.marubeni.com/en/ir/reports/integrated_report/;
19191179;MARUBENI CORPORATION;FIN_REP;https://www.marubeni.com/en/ir/reports/business/;
19191179;MARUBENI CORPORATION;OTHER;;
19191179;MARUBENI CORPORATION;OTHER;;
19191179;MARUBENI CORPORATION;OTHER;;
19191179;MARUBENI CORPORATION;OTHER;;
19191179;MARUBENI CORPORATION;OTHER;;
19191444;RELX PLC;FIN_REP;https://www.relx.com/~/media/Files/R/RELX-IR/annual-reports/relx-annual-report-2023.pdf;2023
19191444;RELX PLC;FIN_REP;https://www.relx.com/~/media/Files/R/RELX-IR/results-reports/annual-reports/relx-ar-2023.pdf;2023
19191444;RELX PLC;FIN_REP;https://www.relx.com/~/media/Files/R/RELX-IR/results-reports/relx-ar-2023.pdf;2023
19191444;RELX PLC;FIN_REP;https://www.relx.com/~/media/Files/R/RELX-IR/annual-reports/relx-ar-2023.pdf;2023
19191444;RELX PLC;OTHER;;
19191444;RELX PLC;OTHER;;
19191444;RELX PLC;OTHER;;
19191444;RELX PLC;OTHER;;
19191444;RELX PLC;OTHER;;
19191498;BOLLORE PARTICIPATIONS SE;FIN_REP;https://www.bollore.com/en/contacts-investors/;
19191498;BOLLORE PARTICIPATIONS SE;OTHER;;
19191498;BOLLORE PARTICIPATIONS SE;OTHER;;
19191498;BOLLORE PARTICIPATIONS SE;OTHER;;
19191498;BOLLORE PARTICIPATIONS SE;OTHER;;
19191498;BOLLORE PARTICIPATIONS SE;OTHER;;
19192598;JOHNSON & JOHNSON;FIN_REP;https://www.jnj.com/corporate-reports;2025
19192598;JOHNSON & JOHNSON;OTHER;;
19192598;JOHNSON & JOHNSON;OTHER;;
19192598;JOHNSON & JOHNSON;OTHER;;
19192598;JOHNSON & JOHNSON;OTHER;;
19192598;JOHNSON & JOHNSON;OTHER;;
19196807;CARREFOUR;OTHER;;
19196807;CARREFOUR;OTHER;;
19196807;CARREFOUR;OTHER;;
19196807;CARREFOUR;OTHER;;
19196807;CARREFOUR;OTHER;;
19201457;ALFA LAVAL AB;FIN_REP;https://www.alfalaval.com/media/news/investors/2025/bulletin-from-the-annual-general-meeting-of-alfa-laval-ab-publ/;2025
19201457;ALFA LAVAL AB;OTHER;;
19201457;ALFA LAVAL AB;OTHER;;
19201457;ALFA LAVAL AB;OTHER;;
19201457;ALFA LAVAL AB;OTHER;;
19201457;ALFA LAVAL AB;OTHER;;
19206259;SGS;OTHER;;
19206259;SGS;OTHER;;
19206259;SGS;OTHER;;
19206259;SGS;OTHER;;
19206259;SGS;OTHER;;
19216371;COMPAGNIE GENERALE DES ETABLISSEMENTS MICHELIN;FIN_REP;https://policies.google.com/privacy?hl=it&utm_source=ucb;2027
19216371;COMPAGNIE GENERALE DES ETABLISSEMENTS MICHELIN;FIN_REP;https://dgaddcosprod.blob.core.windows.net/cxf-corporate/attachments/clyzwrjsr1gwb12o41v8vgo85-cgem-rfs-2024-uk-20240724.pdf;2024
19216371;COMPAGNIE GENERALE DES ETABLISSEMENTS MICHELIN;FIN_REP;https://www.michelin.com/en/investors;2024
19216371;COMPAGNIE GENERALE DES ETABLISSEMENTS MICHELIN;FIN_REP;https://www.michelin.com/en/investors/regulatory-information;N/A
19216371;COMPAGNIE GENERALE DES ETABLISSEMENTS MICHELIN;OTHER;;
19216371;COMPAGNIE GENERALE DES ETABLISSEMENTS MICHELIN;OTHER;;
19216371;COMPAGNIE GENERALE DES ETABLISSEMENTS MICHELIN;OTHER;;
19216371;COMPAGNIE GENERALE DES ETABLISSEMENTS MICHELIN;OTHER;;
19216371;COMPAGNIE GENERALE DES ETABLISSEMENTS MICHELIN;OTHER;;
19217026;HITACHI LTD;FIN_REP;https://www.hitachi.com/en/information/230915/;2309
19217026;HITACHI LTD;FIN_REP;https://www.hitachivantara.com/en-us/products/storage-platforms;2024
19217026;HITACHI LTD;FIN_REP;https://www.hitachi.com/IR-e/library/integrated/index.html;2023
19217026;HITACHI LTD;OTHER;;
19217026;HITACHI LTD;OTHER;;
19217026;HITACHI LTD;OTHER;;
19217026;HITACHI LTD;OTHER;;
19217026;HITACHI LTD;OTHER;;
19226059;HOLCIM AG;FIN_REP;https://www.holcim.com/sites/holcim/files/docs/28022025-finance-holcim-fy-2024-report-full-en.pdf;2067
19226059;HOLCIM AG;FIN_REP;https://www.holcim.com/investors/listing-north-america-business-us/amrize-investor-day-2025;2025
19226059;HOLCIM AG;FIN_REP;https://www.holcim.com/investors/publications/annual-report-2024;2024
19226059;HOLCIM AG;OTHER;;
19226059;HOLCIM AG;OTHER;;
19226059;HOLCIM AG;OTHER;;
19226059;HOLCIM AG;OTHER;;
19226059;HOLCIM AG;OTHER;;
19231130;SCHNEIDER ELECTRIC SE;OTHER;;
19231130;SCHNEIDER ELECTRIC SE;OTHER;;
19231130;SCHNEIDER ELECTRIC SE;OTHER;;
19231130;SCHNEIDER ELECTRIC SE;OTHER;;
19231130;SCHNEIDER ELECTRIC SE;OTHER;;
19233882;EUROFINS SCIENTIFIC;FIN_REP;https://www.eurofins.com/investors/reports-and-presentations/;2023
19233882;EUROFINS SCIENTIFIC;FIN_REP;https://www.eurofins.com/investors/;
19233882;EUROFINS SCIENTIFIC;OTHER;;
19233882;EUROFINS SCIENTIFIC;OTHER;;
19233882;EUROFINS SCIENTIFIC;OTHER;;
19233882;EUROFINS SCIENTIFIC;OTHER;;
19233882;EUROFINS SCIENTIFIC;OTHER;;
19234151;REPSOL;FIN_REP;https://www.repsol.com/en/shareholders-and-investors/financial-information/annual-reports/index.cshtml;N/A
19234151;REPSOL;OTHER;;
19234151;REPSOL;OTHER;;
19234151;REPSOL;OTHER;;
19234151;REPSOL;OTHER;;
19234151;REPSOL;OTHER;;
19238855;ANHEUSER-BUSCH INBEV;FIN_REP;https://cdn.builder.io/o/assets%2F2e5c7fb020194c1a8ee80f743d0b923e%2Ffa283055d37b49a2814094325ca5abf1?alt=media&token=35f21c06-7ae0-4c9c-b6bf-85d79a306575&apiKey=2e5c7fb020194c1a8ee80f743d0b923e;2019
19238855;ANHEUSER-BUSCH INBEV;FIN_REP;https://www.ab-inbev.com/circular-packaging;
19238855;ANHEUSER-BUSCH INBEV;OTHER;;
19238855;ANHEUSER-BUSCH INBEV;OTHER;;
19238855;ANHEUSER-BUSCH INBEV;OTHER;;
19238855;ANHEUSER-BUSCH INBEV;OTHER;;
19238855;ANHEUSER-BUSCH INBEV;OTHER;;
19245907;SAMSUNG ELECTRONICS CO. LTD.;FIN_REP;https://irsvc.teletogether.com/sec/2025Q1/eng/eng.php;2025
19245907;SAMSUNG ELECTRONICS CO. LTD.;OTHER;;
19245907;SAMSUNG ELECTRONICS CO. LTD.;OTHER;;
19245907;SAMSUNG ELECTRONICS CO. LTD.;OTHER;;
19245907;SAMSUNG ELECTRONICS CO. LTD.;OTHER;;
19245907;SAMSUNG ELECTRONICS CO. LTD.;OTHER;;
19249932;NOVO NORDISK;FIN_REP;https://www.novonordisk.com/patients.html;2025
19249932;NOVO NORDISK;FIN_REP;https://www.novonordisk.com/investors.html;2024
19249932;NOVO NORDISK;FIN_REP;https://www.novonordisk.com/investors.html//investors/annual-report.html;2024
19249932;NOVO NORDISK;FIN_REP;https://www.novonordisk.com/investors/annual-report.html;
19249932;NOVO NORDISK;OTHER;;
19249932;NOVO NORDISK;OTHER;;
19249932;NOVO NORDISK;OTHER;;
19249932;NOVO NORDISK;OTHER;;
19249932;NOVO NORDISK;OTHER;;
19253725;SOLVAY;FIN_REP;https://www.solvay.com/en/investors/financial-reporting;2022
19253725;SOLVAY;FIN_REP;https://www.solvay.com/sites/g/files/srpend616/files/2024-12/Solvay%202020%20Annual%20Report.June%202021.pdf;2020
19253725;SOLVAY;FIN_REP;https://www.solvay.com/en/solvay-markets;2000
19253725;SOLVAY;FIN_REP;https://www.solvay.com/en/investors/financial-reporting/annual-reports;Unknown
19253725;SOLVAY;OTHER;;
19253725;SOLVAY;OTHER;;
19253725;SOLVAY;OTHER;;
19253725;SOLVAY;OTHER;;
19253725;SOLVAY;OTHER;;
19258448;BERTELSMANN STIFTUNG;FIN_REP;https://www.bertelsmann-stiftung.de/fileadmin/files/BSt/Publikationen/GrauePublikationen/Bertelsmann_Stiftung_Annual_Report_2022_2023_web_EN.pdf;2023
19258448;BERTELSMANN STIFTUNG;FIN_REP;https://www.bertelsmann-stiftung.de/fileadmin/files/BSt/Publikationen/GrauePublikationen/Bertelsmann_Stiftung_Jahresbericht_2022_EN.pdf;2022
19258448;BERTELSMANN STIFTUNG;FIN_REP;https://www.bertelsmann-stiftung.de/fileadmin/files/BSt/Publikationen/Sonstiges/Bericht_Jahresabschluss_2022.pdf;2022
19258448;BERTELSMANN STIFTUNG;FIN_REP;https://www.bertelsmann-stiftung.de/fileadmin/files/BSt/Publikationen/GrauePublikationen/Bertelsmann_Stiftung_Jahresbericht_2022_en.pdf;2022
19258448;BERTELSMANN STIFTUNG;OTHER;;
19258448;BERTELSMANN STIFTUNG;OTHER;;
19258448;BERTELSMANN STIFTUNG;OTHER;;
19258448;BERTELSMANN STIFTUNG;OTHER;;
19258448;BERTELSMANN STIFTUNG;OTHER;;
19261077;ASTRAZENECA PLC;OTHER;;
19261077;ASTRAZENECA PLC;OTHER;;
19261077;ASTRAZENECA PLC;OTHER;;
19261077;ASTRAZENECA PLC;OTHER;;
19261077;ASTRAZENECA PLC;OTHER;;
19264134;ISS A/S;FIN_REP;;
19264134;ISS A/S;OTHER;;
19264134;ISS A/S;OTHER;;
19264134;ISS A/S;OTHER;;
19264134;ISS A/S;OTHER;;
19264134;ISS A/S;OTHER;;
19266518;WIENERBERGER GROUP;FIN_REP;https://www.wienerberger.com/en/investors.html/content/dam/corp/corporate-website/downloads/investors-downloads/2024/2024-wienerberger-Annual-Report.pdf;2024
19266518;WIENERBERGER GROUP;FIN_REP;https://annualreport.wienerberger.com/2024/;2024
19266518;WIENERBERGER GROUP;FIN_REP;https://www.wienerberger.com/content/dam/corp/corporate-website/downloads/investors-downloads/2024/2024-wienerberger-Annual-Report.pdf;2024
19266518;WIENERBERGER GROUP;OTHER;;
19266518;WIENERBERGER GROUP;OTHER;;
19266518;WIENERBERGER GROUP;OTHER;;
19266518;WIENERBERGER GROUP;OTHER;;
19266518;WIENERBERGER GROUP;OTHER;;
19275814;VESTAS WIND SYSTEMS A/S;FIN_REP;;
19275814;VESTAS WIND SYSTEMS A/S;OTHER;;
19275814;VESTAS WIND SYSTEMS A/S;OTHER;;
19275814;VESTAS WIND SYSTEMS A/S;OTHER;;
19275814;VESTAS WIND SYSTEMS A/S;OTHER;;
19275814;VESTAS WIND SYSTEMS A/S;OTHER;;
19276100;YARA INTERNATIONAL ASA;FIN_REP;https://www.yara.com/investor-relations#maincontent;2023
19276100;YARA INTERNATIONAL ASA;OTHER;;
19276100;YARA INTERNATIONAL ASA;OTHER;;
19276100;YARA INTERNATIONAL ASA;OTHER;;
19276100;YARA INTERNATIONAL ASA;OTHER;;
19276100;YARA INTERNATIONAL ASA;OTHER;;
19286023;MITSUBISHI CORPORATION;FIN_REP;https://www.mitsubishicorp.com/jp/en/ir/event/250502.html;2505
19286023;MITSUBISHI CORPORATION;FIN_REP;https://www.mitsubishicorp.com/jp/en/ir/;2027
19286023;MITSUBISHI CORPORATION;FIN_REP;https://www.mitsubishicorp.com/jp/en/ir/library/ar/;2024
19286023;MITSUBISHI CORPORATION;FIN_REP;https://www.mitsubishicorp.com/jp/en/ir/library/esg/pdf/202501en.pdf;1921
19286023;MITSUBISHI CORPORATION;OTHER;;
19286023;MITSUBISHI CORPORATION;OTHER;;
19286023;MITSUBISHI CORPORATION;OTHER;;
19286023;MITSUBISHI CORPORATION;OTHER;;
19286023;MITSUBISHI CORPORATION;OTHER;;
19287986;ZF FRIEDRICHSHAFEN;OTHER;;
19287986;ZF FRIEDRICHSHAFEN;OTHER;;
19287986;ZF FRIEDRICHSHAFEN;OTHER;;
19287986;ZF FRIEDRICHSHAFEN;OTHER;;
19287986;ZF FRIEDRICHSHAFEN;OTHER;;
19297963;KRKA TOVARNA ZDRAVIL DD NOVO MESTO;FIN_REP;https://www.krka.si/en/investors/reports-and-presentations/;2023
19297963;KRKA TOVARNA ZDRAVIL DD NOVO MESTO;FIN_REP;https://www.krka.biz/en/investors/reports-and-presentations/annual-reports/;2023
19297963;KRKA TOVARNA ZDRAVIL DD NOVO MESTO;OTHER;;
19297963;KRKA TOVARNA ZDRAVIL DD NOVO MESTO;OTHER;;
19297963;KRKA TOVARNA ZDRAVIL DD NOVO MESTO;OTHER;;
19297963;KRKA TOVARNA ZDRAVIL DD NOVO MESTO;OTHER;;
19297963;KRKA TOVARNA ZDRAVIL DD NOVO MESTO;OTHER;;
19300811;PRYSMIAN S.P.A.;FIN_REP;https://www.prysmian.com/sites/www.prysmian.com/files/2024-04/Accessibility-Statement-Prysmian.pdf;2070
19300811;PRYSMIAN S.P.A.;FIN_REP;https://www.prysmiangroup.com/en/investors;2024
19300811;PRYSMIAN S.P.A.;FIN_REP;https://www.prysmiangroup.com/en/search?q=PRYSMIAN%20S.P.A.%20Bilancio%20Annuale;
19300811;PRYSMIAN S.P.A.;OTHER;;
19300811;PRYSMIAN S.P.A.;OTHER;;
19300811;PRYSMIAN S.P.A.;OTHER;;
19300811;PRYSMIAN S.P.A.;OTHER;;
19300811;PRYSMIAN S.P.A.;OTHER;;
19312144;CANON INCORPORATED;FIN_REP;https://global.canon/en/ir/library/annual.html;2024
19312144;CANON INCORPORATED;OTHER;;
19312144;CANON INCORPORATED;OTHER;;
19312144;CANON INCORPORATED;OTHER;;
19312144;CANON INCORPORATED;OTHER;;
19312144;CANON INCORPORATED;OTHER;;
19313683;STANLEY BLACK & DECKER INC.;FIN_REP;https://www.stanleyblackanddecker.com/investors;2024
19313683;STANLEY BLACK & DECKER INC.;FIN_REP;https://ir.stanleyblackanddecker.com/financials/sec-filings/default.aspx;2023
19313683;STANLEY BLACK & DECKER INC.;FIN_REP;https://accounts.google.com/ServiceLogin?hl=it;
19313683;STANLEY BLACK & DECKER INC.;OTHER;;
19313683;STANLEY BLACK & DECKER INC.;OTHER;;
19313683;STANLEY BLACK & DECKER INC.;OTHER;;
19313683;STANLEY BLACK & DECKER INC.;OTHER;;
19313683;STANLEY BLACK & DECKER INC.;OTHER;;
19314055;NORSK HYDRO ASA;FIN_REP;https://www.hydro.com/en-US/investors/reports-and-presentations/annual-reports/;2023
19314055;NORSK HYDRO ASA;FIN_REP;https://www.hydro.com/en/investors/reports-and-presentations/;2023
19314055;NORSK HYDRO ASA;FIN_REP;https://www.hydro.com/en/investors/reports-and-presentations/annual-reports/;2023
19314055;NORSK HYDRO ASA;OTHER;;
19314055;NORSK HYDRO ASA;OTHER;;
19314055;NORSK HYDRO ASA;OTHER;;
19314055;NORSK HYDRO ASA;OTHER;;
19314055;NORSK HYDRO ASA;OTHER;;
19331837;EDIZIONE;OTHER;;
19331837;EDIZIONE;OTHER;;
19331837;EDIZIONE;OTHER;;
19331837;EDIZIONE;OTHER;;
19331837;EDIZIONE;OTHER;;
19340550;VINCI;FIN_REP;https://www.vinci.com/en/finance/results-and-key-figures/2024-annual-financial-statements;2024
19340550;VINCI;FIN_REP;https://www.vinci.com/en/finance/investors/financial-information;
19340550;VINCI;FIN_REP;https://www.vinci.com/en/group/research-innovation;
19340550;VINCI;OTHER;;
19340550;VINCI;OTHER;;
19340550;VINCI;OTHER;;
19340550;VINCI;OTHER;;
19340550;VINCI;OTHER;;
19344352;KUEHNE NAGEL;FIN_REP;https://home.kuehne-nagel.com/en/-/company/investor-relations/financial-performance;2025
19344352;KUEHNE NAGEL;OTHER;;
19344352;KUEHNE NAGEL;OTHER;;
19344352;KUEHNE NAGEL;OTHER;;
19344352;KUEHNE NAGEL;OTHER;;
19344352;KUEHNE NAGEL;OTHER;;
19346455;STRABAG GROUP;OTHER;;
19346455;STRABAG GROUP;OTHER;;
19346455;STRABAG GROUP;OTHER;;
19346455;STRABAG GROUP;OTHER;;
19346455;STRABAG GROUP;OTHER;;
19414796;ATLAS UK BIDCO LIMITED;FIN_REP;https://find-and-update.company-information.service.gov.uk/company/13452212/filing-history;2023
19414796;ATLAS UK BIDCO LIMITED;FIN_REP;https://find-and-update.company-information.service.gov.uk/company/09742608/filing-history;2023
19414796;ATLAS UK BIDCO LIMITED;FIN_REP;https://find-and-update.company-information.service.gov.uk/company/12305565/filing-history;2022
19414796;ATLAS UK BIDCO LIMITED;FIN_REP;https://find-and-update.company-information.service.gov.uk/company/13183383/filing-history;2022
19414796;ATLAS UK BIDCO LIMITED;FIN_REP;https://find-and-update.company-information.service.gov.uk/company/12163916/filing-history;2022
19414796;ATLAS UK BIDCO LIMITED;OTHER;;
19414796;ATLAS UK BIDCO LIMITED;OTHER;;
19414796;ATLAS UK BIDCO LIMITED;OTHER;;
19414796;ATLAS UK BIDCO LIMITED;OTHER;;
19414796;ATLAS UK BIDCO LIMITED;OTHER;;
20016646;UNILEVER PLC;FIN_REP;https://www.unilever.com/investors/results-presentations-webcasts/deutsche-bank-global-consumer-conference-2025/;2025
20016646;UNILEVER PLC;FIN_REP;https://www.unilever.com/investors/annual-report-and-accounts/;2024
20016646;UNILEVER PLC;FIN_REP;https://www.unilever.com//investors/annual-report-and-accounts/;
20016646;UNILEVER PLC;OTHER;;
20016646;UNILEVER PLC;OTHER;;
20016646;UNILEVER PLC;OTHER;;
20016646;UNILEVER PLC;OTHER;;
20016646;UNILEVER PLC;OTHER;;
20029695;PROSEGUR;FIN_REP;https://www.prosegur.com/en/investors-shareholders/financial-information/annual-reports;2024
20029695;PROSEGUR;FIN_REP;https://www.prosegur.com/en/#collapseFooterText1747954131332;1747
20029695;PROSEGUR;OTHER;;
20029695;PROSEGUR;OTHER;;
20029695;PROSEGUR;OTHER;;
20029695;PROSEGUR;OTHER;;
20029695;PROSEGUR;OTHER;;
20083504;EATON CORPORATION PLC;OTHER;;
20083504;EATON CORPORATION PLC;OTHER;;
20083504;EATON CORPORATION PLC;OTHER;;
20083504;EATON CORPORATION PLC;OTHER;;
20083504;EATON CORPORATION PLC;OTHER;;
20321242;ANDRITZ GROUP;FIN_REP;https://www.andritz.com/resource/blob/630570/636b653695e581c52346f2e566eb1896/andritz-financial-report-q1-2025-data.pdf;6305
20321242;ANDRITZ GROUP;FIN_REP;https://www.andritz.com/investors;2025
20321242;ANDRITZ GROUP;OTHER;;
20321242;ANDRITZ GROUP;OTHER;;
20321242;ANDRITZ GROUP;OTHER;;
20321242;ANDRITZ GROUP;OTHER;;
20321242;ANDRITZ GROUP;OTHER;;
20336161;ASSECO;FIN_REP;https://asseco.com/wp-content/uploads/2024/04/Asseco_Group_Consolidated_Financial_Statement_for_2023.pdf;2023
20336161;ASSECO;FIN_REP;https://asseco.com/investors/financial-reports/;2023
20336161;ASSECO;FIN_REP;https://asseco.com/wp-content/uploads/2024/04/Asseco-Poland-Group_Annual-Report-2023.pdf;2023
20336161;ASSECO;FIN_REP;https://asseco.com/wp-content/uploads/2024/05/Asseco_Group_Consolidated_Annual_Report_2023.pdf;2023
20336161;ASSECO;FIN_REP;https://asseco.com/wp-content/uploads/2024/05/Asseco_Group_Consolidated_Financial_Statement_2023.pdf;2023
20336161;ASSECO;OTHER;;
20336161;ASSECO;OTHER;;
20336161;ASSECO;OTHER;;
20336161;ASSECO;OTHER;;
20336161;ASSECO;OTHER;;
20344223;ELECTRICITE DE FRANCE;OTHER;;
20344223;ELECTRICITE DE FRANCE;OTHER;;
20344223;ELECTRICITE DE FRANCE;OTHER;;
20344223;ELECTRICITE DE FRANCE;OTHER;;
20344223;ELECTRICITE DE FRANCE;OTHER;;
20345723;A.P. MOLLER - MAERSK;FIN_REP;https://investor.maersk.com/news-releases/news-release-details/interim-report-q1-2025;2025
20345723;A.P. MOLLER - MAERSK;FIN_REP;https://investor.maersk.com/static-files/31bf05a1-6f0c-4fbd-a3c7-3f58e044f668;2024
20345723;A.P. MOLLER - MAERSK;FIN_REP;https://investor.maersk.com/financials/financial-reports;
20345723;A.P. MOLLER - MAERSK;OTHER;;
20345723;A.P. MOLLER - MAERSK;OTHER;;
20345723;A.P. MOLLER - MAERSK;OTHER;;
20345723;A.P. MOLLER - MAERSK;OTHER;;
20345723;A.P. MOLLER - MAERSK;OTHER;;
20397226;L OREAL;FIN_REP;https://www.loreal-finance.com/en/annual-report-2023;2023
20397226;L OREAL;FIN_REP;https://www.loreal-finance.com/eng;
20397226;L OREAL;OTHER;;
20397226;L OREAL;OTHER;;
20397226;L OREAL;OTHER;;
20397226;L OREAL;OTHER;;
20397226;L OREAL;OTHER;;
20449369;CARLSBERG A/S;FIN_REP;;
20449369;CARLSBERG A/S;OTHER;;
20449369;CARLSBERG A/S;OTHER;;
20449369;CARLSBERG A/S;OTHER;;
20449369;CARLSBERG A/S;OTHER;;
20449369;CARLSBERG A/S;OTHER;;
20530530;STELLANTIS;FIN_REP;https://www.stellantis.com/en/investors/reporting/financial-reports;2030
20530530;STELLANTIS;FIN_REP;https://www.stellantis.com/en/investors;2030
20530530;STELLANTIS;OTHER;;
20530530;STELLANTIS;OTHER;;
20530530;STELLANTIS;OTHER;;
20530530;STELLANTIS;OTHER;;
20530530;STELLANTIS;OTHER;;
